query_id,food_id,page_content,rank,relevance_score
1,1196,"Món: Canh cua rau nhút.
Dinh dưỡng: 198 kcal, 25.5g đạm, 14.7g bột đường, 3.9g béo.
Đặc điểm: Giàu Vitamin A, Giàu Vitamin B12, Giàu Vitamin K, Giàu đạm, Hải sản, Món chính, Nhiều Cholesterol, Rau xanh, Ít calo, Ít chất béo bão hòa, Ít chất xơ, Ít tinh bột, Ít đường.
Nguyên liệu: Bột Ngọt, Cua Đồng, Dầu Ăn, Đường, Hành Tím, Hạt Nêm Ajingon Heo, Khoai Sọ, Nước Mắm, Rau Muống, Rau Nhút, Tiêu.
Cách làm: Cua đồng tách mai, lấy gạch để riêng. Giã thân cua, hòa với nước và lọc lấy nước cua. Phần gạch cua ướp với tiêu và hạt nêm. Khoai sọ cắt đôi. Rau muống, rau nhút cắt khúc. Đặt nồi lên bếp, cho dầu vào phi thơm hành tím, cho gạch cua vào đảo đều rồi đổ nước cua vào, nêm hạt nêm, đường, bột ngọt. Đun sôi cho váng cua nổi lên. Vớt váng cua ra. Tiếp tục cho khoai sọ vào nấu chín mềm. Cho rau muống, rau nhút vào và nêm thêm nước mắm. Chờ canh sôi trở lại, tắt lửa..",1,3
1,176,"Món: Đậu trộn dầu giấm xốt mè rang.
Dinh dưỡng: 433 kcal, 45.9g đạm, 50.4g bột đường, 5.9g béo.
Đặc điểm: Các loại hạt, Giàu Vitamin A, Giàu đạm, Nhiều Cholesterol, Nhiều tinh bột, Rau xanh, Ít chất béo bão hòa, Ít đường.
Nguyên liệu: Bắp Lon Nguyên Hạt, Cà Chua, Đậu Gà, Đậu Trắng, Hành Tây Tím, Mì Ý, Muối, Ngò Rí, Ớt Sừng, Tiêu, Ức Gà.
Cách làm: Đậu trắng, đậu gà, bắp hạt rửa sạch, để ráo. Ngò rí cắt nhỏ. Cho các loại đậu, bắp và hành tây vào thau ướp muối. Trút để ráo nước. Ướp gà với muối với một ít tiêu. Sau đó áp chảo mặt với dầu ô liu. Sau đó để nguội cắt hạt lựu. Cho tất cả thành phần vào trộn đều, sau đó cho ra đĩa..",2,2
1,1588,"Món: Canh gà nấu bông cải.
Dinh dưỡng: 152 kcal, 17.9g đạm, 7.3g bột đường, 5.7g béo.
Đặc điểm: Giàu Vitamin A, Giàu Vitamin C, Giàu Vitamin K, Giàu đạm, Món chính, Nhiều Cholesterol, Rau xanh, Thịt, Ít chất béo bão hòa, Ít tinh bột, Ít đường.
Nguyên liệu: Bông Cải Trắng, Bông Cải Xanh, Cà Rốt, Dầu Ăn, Hành Lá, Hành Tím, Hạt Nêm Ajingon Heo, Muối, Nước Mắm, Ngò Rí, Tiêu, Thịt Gà.
Cách làm: Thịt gà lóc xương lấy thịt, cắt khối vuông, ướp với đầu hành tím băm, tiêu và hạt nêm, để thấm. Xương nấu nước dùng. Bông cải trắng, xanh làm sạch, cắt thành những búp nhỏ. Cuống bông cải gọt vỏ, cắt xéo hình móng ngựa. Cà rốt cắt miếng. Hành lá cắt khúc ngắn Ngò rí cắt nhỏ. Đun nóng dầu, phi thơm đầu hành băm, cho thịt gà vào xào săn rồi cho qua nồi nước dùng, thêm cà rốt vào nấu khoảng phút thì cho cuống bông cải vào nấu gần chín, cho tiếp bông cải vào nấu chín, nêm hạt nêm, muối, bột ngọt và nước mắm. Cuối cùng cho hành lá vào và ít tiêu..",3,3
1,2241,"Món: Gỏi đu đủ.
Dinh dưỡng: 313 kcal, 22.6g đạm, 36.2g bột đường, 9.6g béo.
Đặc điểm: Giàu Vitamin A, Giàu Vitamin C, Giàu đạm, Món chính, Nhiều Cholesterol, Nhiều tinh bột, Rau xanh, Thịt, Trái cây, Ít chất béo bão hòa.
Nguyên liệu: Bánh Tráng Mè, Cà Rốt, Đậu Phộng, Đu Đủ Xanh, Đường, Giấm Gạo, Nước Mắm, Ớt, Rau Húng Lũi, Rau Răm, Tỏi, Thịt Ức Gà.
Cách làm: Đu đủ gọt vỏ, cắt làm đôi, sau đó cắt sợi, ngâm vào nước đá, để ráo, trộn với đường, để thấm rồi vắt bớt nước. Cà rốt cắt sợi. Tỏi, ớt bằm nhuyễn. ớt cắt sợi. Thịt gà luộc chín, vớt ra ngăm vào tô nước đá cho thịt săn lại, sau đó xé sợi. Rau răm, rau húng lủi cắt nhỏ. Đậu phộng giã nhỏ. Pha nước mắm trộn gỏi: trộn đều Giấm gạo lên men LISA với đường, nước mắm và tỏi, ớt băm. Trộn gỏi: cho đu, đủ, cà rốt, thịt gà, trộn với nước trộn gỏi. Sau đó cho thêm rau răm, rau húng lủi, lượng ớt, lượng đậu phộng vào tô, trộn đều với nước trộn gỏi còn lại..",4,2
1,1559,"Món: Canh cá rau đay.
Dinh dưỡng: 257 kcal, 40.5g đạm, 7.4g bột đường, 7.2g béo.
Đặc điểm: Giàu Vitamin A, Giàu Vitamin B12, Giàu đạm, Hải sản, Món chính, Nhiều Cholesterol, Rau xanh, Ít calo, Ít chất béo bão hòa, Ít chất xơ, Ít tinh bột, Ít đường.
Nguyên liệu: Cá Rô, Hành Tím, Hạt Nêm Ajingon Heo, Mướp Hương, Nước Mắm, Rau Đay, Tiêu.
Cách làm: Cá rô làm sạch, khứa dọc bên sống lưng, ướp với hạt nêm, nước mắm và tiêu, để thấm. Rau đay lặt rửa sạch, cắt nhỏ. Mướp hương gọt vỏ, cắt xéo. Hành tím băm nhỏ. Phi thơm hành tím, cho cá vào xào sơ rồi cho vào nồi có nước sôi, luộc chín, vớt ra, rỉa lấy thịt cá. Nêm vào nồi canh hạt nêm, cho rau đay vào nấu chín, cuối cùng cho mướp hương vào đảo nhẹ rồi tắt bếp..",5,3
1,146,"Món: Canh cá rau cần.
Dinh dưỡng: 197 kcal, 30.2g đạm, 7.5g bột đường, 4.9g béo.
Đặc điểm: Giàu Vitamin A, Giàu Vitamin B12, Giàu Vitamin K, Giàu đạm, Hải sản, Món chính, Nhiều Cholesterol, Nhạt muối, Rau xanh, Ít calo, Ít chất béo bão hòa, Ít chất xơ, Ít tinh bột, Ít đường.
Nguyên liệu: Bột Ngọt, Cà Chua, Cá Lóc, Dầu Ăn, Đường, Giấm Gạo, Hạt Nêm, Hạt Nêm Ajingon Heo, Mắm Cá Linh, Muối, Rau Cần.
Cách làm: Cá lóc lạng lấy thịt bên, cắt khúc cm. Xương cá đem nấu nước dùng cùng hành tím nướng. Nấu phút gạn lấy lít nước dùng. Cho đầu ăn phi đầu hành lá băm thơm lên, tắt lửa cho cá vào với Hạt nêm HEO ướp cá với đầu hành phi. Rau cần cắt khúc cm thân lá để riêng. Cà chua chẻ. Đun nước dùng cá cho sôi, nêm gia vị: muối, bột ngọt, Hạt nêm HEO, đường, giấm gạo lên men, cho cà chua và cá vào nấu. Cho thân rau cần vào nấu thêm phút, cho tiếp lá rau cần vào đảo đều. Tắt lửa, nêm thêm nước mắm..",6,3
1,1254,"Món: Canh cà chua nấu đậu.
Dinh dưỡng: 247 kcal, 19.8g đạm, 36.4g bột đường, 3.2g béo.
Đặc điểm: Các loại hạt, Giàu Vitamin A, Giàu đạm, Món chính, Nhiều Cholesterol, Nhiều tinh bột, Rau xanh, Thịt, Ít chất béo bão hòa, Ít đường.
Nguyên liệu: Bột Ngọt, Cà Chua, Đậu Que, Đậu Trắng, Hành Lá, Hành Tím, Nước Mắm, Thịt Nạc Dăm, Trứng Cút.
Cách làm: Thịt nạc dăm xay nhỏ, ướp với muối, đường, bột ngọt, hành tím băm, tiêu, để thấm. Vo viên tròn. Đậu que cắt xéo. Cà chua cắt múi. Đậu hũ trắng cắt khối vuông, chiên vàng. Hành lá, ngò rí cắt khúc. Đun nóng dầu ăn, cho hành tím băm vào phi thơm rồi cho cà chua vào xào với muối, đường, rồi thêm nước, nấu sôi, thả thịt vo viên vào, nấu sôi khoảng phút, thì cho đậu hũ và đậu que vào, nấu chín tới, nêm thêm muối, bột ngọt, đường, nước mắm, nếm vị vừa ăn, rắc hành lá, ngò rí vào đảo đều, tắt lửa. Đặt chảo nhỏ lên bếp, cho dầu, chiên ốp la quả trứng cút để riêng..",7,2
1,1941,"Món: Canh cá lóc rau cần.
Dinh dưỡng: 94 kcal, 13.2g đạm, 3.5g bột đường, 3.0g béo.
Đặc điểm: Giàu Vitamin A, Giàu Vitamin B12, Giàu Vitamin K, Giàu đạm, Hải sản, Món chính, Nhiều Cholesterol, Rau xanh, Ít calo, Ít chất béo bão hòa, Ít chất xơ, Ít tinh bột, Ít đường.
Nguyên liệu: Bột Ngọt, Cá Lóc, Dầu Ăn, Hành Tím, Muối, Nước Mắm, Rau Cần, Tiêu.
Cách làm: Cá làm sạch, luộc cá với nước sôi có nêm chút muối, gỡ lấy thịt cá, bỏ xương. Rau cần ngâm nước vo gạo, rửa sạch, cắt khúc vừa ăn Hành tím cắt lát, băm nhỏ. Phi thơm hành tím với dầu ăn, cho thịt cá vào và nêm chút muối, bột ngọt và tiêu, trộn đều, tắt lửa. Đun sôi nước luộc cá, cho cần vào nấu chín khoảng phút, tắt lửa, tiếp tục cho thịt cá vào, nêm thêm muối, bột ngọt, và nước mắm..",8,3
1,1922,"Món: Củ sen hấp thập cẩm.
Dinh dưỡng: 152 kcal, 12.8g đạm, 21.6g bột đường, 2.4g béo.
Đặc điểm: Giàu Vitamin A, Giàu đạm, Hải sản, Món chính, Nhiều Cholesterol, Nhiều tinh bột, Rau xanh, Thịt, Ít chất béo bão hòa, Ít đường.
Nguyên liệu: Bột Năng, Bột Ngọt, Cà Rốt, Củ Sen, Đường, Hành Lá, Hạt Nêm Ajingon Heo, Nấm Mèo, Nước Tương, Tôm, Thịt Chay.
Cách làm: Tôm bóc vỏ, bỏ đầu, chỉ lưng và băm nhỏ. Củ sen bào vỏ, cắt lát ngâm trong nước có bỏ thêm muối hoặc vắt chanh, Cà rốt băm nhỏ, nấm mèo ngâm nở, băm nhỏ, đầu hành lá băm nhỏ. Trộn đều tôm, thịt, nấm mèo, cà rốt, đầu hành lá, tiêu, bột năng, hạt nêm, muối, bột ngọt, để thấm. Thấm bột năng vào củ sen. Lần lượt cho nhân tôm thịt lên từng lát củ sen rồi đem hấp khoảng phút, là chín. Làm xốt: khuấy đều trên bếp nhỏ lửa hỗn hợp gồm dầu hào, nước, đường, nước tương LISA, bột năng, cuối cùng thêm dầu mè, tắt bếp..",9,1
1,1247,"Món: Đu đủ hường xào tôm đất.
Dinh dưỡng: 203 kcal, 24.0g đạm, 7.0g bột đường, 9.1g béo.
Đặc điểm: Giàu Vitamin A, Giàu Vitamin B12, Giàu đạm, Hải sản, Món chính, Nhiều Cholesterol, Rau xanh, Ít chất béo bão hòa, Ít chất xơ, Ít tinh bột, Ít đường.
Nguyên liệu: Bột Ngọt, Cá Hường, Cà Rốt, Dầu Ăn, Hành Lá, Hạt Nêm Ajingon Heo, Rau Răm, Tiêu, Tỏi, Tôm Đất.
Cách làm: Đu đủ hường, cà rốt bào sợi. Hành lá, rau răm cắt khúc. Tỏi đập dập. Tôm đất cắt bỏ đầu đuôi ướp vào tiêu, hạt nêm, bột ngọt, trộn đều, để phút cho thấm. Xào đu đủ: Phi thơm tỏi, cho tôm vào xào xào sơ, rồi cho đu đủ, cà rốt vào đảo đều, nêm hạt nêm, bột ngọt và ½ chén nước, xóc đều cho tôm và đu đủ chín tới, tắt lửa, cho hành lá và rau răm vào trộn đều..",10,2
2,1572,"Món: Gỏi rau nước tương.
Dinh dưỡng: 290 kcal, 13.4g đạm, 40.6g bột đường, 9.2g béo.
Đặc điểm: Giàu Vitamin A, Món chính, Rau xanh, Thịt, Thịt đỏ, Ít calo, Ít chất béo bão hòa, Ít chất xơ, Ít tinh bột.
Nguyên liệu: Bột Báng, Cà Rốt, Dầu Mè, Dưa Leo, Đường, Gừng, Giấm Gạo, Hành Tây, Hành Tím, Hạt Nêm Ajingon Heo, Kinh Giới, Mè Trắng, Nước Tương, Ngò Rí, Ớt, Ớt Bột, Rau Mầm, Tỏi, Tương Ớt, Thịt Nạc Dăm.
Cách làm: Thịt cắt sợi dày dài ướp với nước tương LISA, hạt nêm, tiêu, bột nghệ, bột ớt và hành tím băm, để thấm. Cà rốt và rau kinh giới cắt sợi nhỏ. Ngò rí cắt nhỏ. Dưa leo bỏ ruột, cắt sợi. Rau mầm rửa sạch, để ráo. Pha nước trộn gỏi: trộn đều nước tương LISA với Giấm gạo lên men LISA, tương ớt, dầu mè, hành tây băm, ngò rí và kinh giới băm, gừng băm, ớt băm, mè rang và nước lọc. Phi thơm tỏi, cho thịt vào nước xào chín, để nguội..",1,2
2,28,"Món: Salad trộn xốt phô mai cay.
Dinh dưỡng: 222 kcal, 16.6g đạm, 10.6g bột đường, 13.6g béo.
Đặc điểm: Giàu Vitamin A, Giàu Vitamin K, Nhiều Cholesterol, Nhạt muối, Rau xanh, Trứng, Ít calo, Ít chất xơ, Ít tinh bột, Ít đường.
Nguyên liệu: Cà Chua Bi, Dưa Leo, Phô Mai, Rau Xà Lách, Trứng.
Cách làm: Trứng luộc bóc vỏ, cắt lát. Các loại rau cắt miếng vừa ăn. Cà chua bi cắt đôi. Dưa leo cắt lát mỏng. Trộn đều xà lách, dưa leo, cà chua, để trong tủ mát..",2,2
2,2121,"Món: Dồi trường xào cải chua.
Dinh dưỡng: 119 kcal, 1.7g đạm, 13.0g bột đường, 7.1g béo.
Đặc điểm: Món chính, Nhiều muối, Rau xanh, Thịt, Ít Cholesterol, Ít calo, Ít chất béo bão hòa, Ít chất xơ, Ít tinh bột, Ít đạm, Đồ lên men.
Nguyên liệu: Bột Ngọt, Cải Chua, Dầu Ăn, Đường, Gừng, Hành Lá, Hành Tím, Nước Mắm, Ớt Sừng, Tỏi.
Cách làm: Dồi trường rửa sạch, chần qua nước sôi có một ít gừng đập dập. Vớt ra cắt khúc, ướp với tỏi băm, sa tế, đường, nước mắm ngon. Ớt sừng cắt quả trám, hành tím cắt đôi. Hành lá cắt khúc cm. Cải chua xả sạch, vắt ráo, cắt khúc ướp với đường, bột ngọt. Phi thơm tỏi và hành tím, cho dồi trường vào xào thơm, cho cải chua và ớt cắt sợi vào xào chín, tắt lửa..",3,2
2,935,"Món: Canh ếch lá giang.
Dinh dưỡng: 129 kcal, 14.0g đạm, 9.8g bột đường, 3.9g béo.
Đặc điểm: Giàu Vitamin A, Món chính, Rau xanh, Thịt, Ít calo, Ít chất béo bão hòa, Ít chất xơ, Ít tinh bột, Ít đường.
Nguyên liệu: Bột Canh, Cà Chua, Dầu Ăn, Đường, Lá Giang, Nước, Nước Mắm, Ớt Hiểm, Ớt Sừng, Rau Ngò Om, Sả Cây, Tỏi, Thịt Ếch.
Cách làm: Ướp thịt ếch với bột canh, sả băm, ớt băm. Tía tô, lá giang cắt Sả cây cắt khúc, đập giập. Cà chua cắt múi cau. Ớt sừng cắt lát. Phi thơm tỏi băm, cho sả cây đập dập và thịt ếch vào xào săn. Thêm nước dùng vào đun sôi. Nêm bột canh, đường, nước mắm, nếm vị vừa ăn. Thêm cà chua, cho lá giang vào nấu phút cho ra vị chua, thêm ớt sừng cắt lát và rau om, ngò gai..",4,3
2,1306,"Món: Salad bắp nướng.
Dinh dưỡng: 158 kcal, 16.1g đạm, 14.5g bột đường, 5.2g béo.
Đặc điểm: Giàu Vitamin A, Giàu Vitamin B12, Hải sản, Nhiều Cholesterol, Rau xanh, Trái cây, Ít calo, Ít chất béo bão hòa, Ít tinh bột, Ít đường.
Nguyên liệu: Bắp Mỹ, Bơ, Cà Chua Bi, Cần Tây, Chanh Vàng, Hành Lá, Hành Tây, Hạt Nêm Ajingon Heo, Tôm Sú, Tương Ớt.
Cách làm: Pha hỗn hợp gia vị gồm bơ mặn, dầu oliu, hạt nêm, hành lá, trộn đều. Bắp Mỹ cắt khúc, chẻ đôi, phết gia vị lên, cho vào lò nướng chín, lấy ra cắt lấy hạt. Tôm sú làm sạch, xẻ dọc sống lưng, ướp hạt nêm, nướng cùng với bắp vừa chín. Lột vỏ tôm, cắt hạt lựu. Bơ cắt hạt lựu. Cà chua bi cắt đôi. Vỏ chanh vàng cắt sợi lấy ruột vắt lấy nước. Cần tây cắt lát xéo. Hành tây cắt lát, ướp đá. Pha nước trộn: nước chanh vàng, đường, muối, tương ớt, ớt băm, ngò rí cắt nhỏ..",5,3
2,830,"Món: Salad dưa lê.
Dinh dưỡng: 274 kcal, 18.7g đạm, 16.2g bột đường, 15.6g béo.
Đặc điểm: Giàu Vitamin A, Giàu Vitamin B12, Giàu Vitamin C, Hải sản, Nhiều Cholesterol, Nhạt muối, Rau xanh, Trái cây, Ít calo, Ít chất xơ, Ít tinh bột.
Nguyên liệu: Cà Chua Bi, Cá Ngừ, Dầu Boaro Phi, Dưa, Mì Ý, Rau Húng Lũi, Rau Xà Lách, Sốt Mayonnaise, Sữa Tươi, Tắc, Tôm Sú.
Cách làm: Dưa lê gọt vỏ, bỏ hạt, cắt vuông giữ trong tủ mát. Cá ngừ chắt bớt dầu, dằm nhỏ. Cà chua bi cắt đôi. Xà lách cắt miếng vừa ăn. Húng lũi cắt nhỏ. Tôm sú luộc chín, bóc vỏ, cắt hạt lựu. Pha xốt: trộn đều xốt Mayonaise với sữa tươi, nước cốt tắc, sữa đặc và muối..",6,1
2,344,"Món: Lẩu cà ri nhúng.
Dinh dưỡng: 509 kcal, 13.6g đạm, 77.3g bột đường, 17.4g béo.
Đặc điểm: Lẩu, Món chính, Nhạt muối, Rau xanh, Thịt, Thịt đỏ, Ít calo, Ít chất béo bão hòa, Ít tinh bột, Ít đường, Ít đạm.
Nguyên liệu: Bột Cà Ri, Bột Năng, Bơ, Cà Rốt, Dầu Ăn, Dầu Điều, Hành Tây, Hạt Nêm, Khoai Tây, Mì Trứng, Nấm Linh Chi, Nước, Rau Cải Thìa, Tỏi.
Cách làm: Khoai tây gọt vỏ, rửa sạch, cắt khối Lấy lượng khoai tây đem hấp chín, ghiền mịn. Phần còn lại chiên sơ. Cà rốt bào vỏ, cắt khối, chiên sơ. Các loại nguyên liệu ăn kèm xiên que. Hành tây cắt múi cau. Bột năng pha với ít nước. Phi thơm dầu điều với tỏi băm, sau đó cho bơ lạt vào nấu tan, xào hành tây và bột cà ri cho thơm, thêm nước dùng vào nấu sôi, them khoai tây và khoai tây ghiền vào, nêm muối, đường, hạt nêm Gà, bột ngọt. cuối cùng thêm nước bột năng để tạo độ sánh vừa..",7,0
2,1087,"Món: Rau củ kho mía.
Dinh dưỡng: 202 kcal, 5.4g đạm, 24.8g bột đường, 9.3g béo.
Đặc điểm: Món chính, Rau xanh, Ít Cholesterol, Ít calo, Ít chất béo bão hòa, Ít tinh bột, Ít đạm.
Nguyên liệu: Bắp Cải, Cà Rốt, Cà Tím, Cải Chua, Chả Lụa Chay, Dầu Ăn, Đường, Hành, Hạt Nêm Ajingon Nấm, Khoai Tây, Mía Lau, Muối, Nước Dừa, Nước Tương Phú Sĩ, Ớt Sừng, Rượu Ngũ Vị Hương.
Cách làm: Cà rốt cắt khúc chẻ đôi. Khoai tây cắt vuông Cà tím cắt khúc chẻ làm tư, ngâm nước muối pha loãng. Bắp cải trắng cắt vuông cm. Cải chua cắt khúc Mía chặt khúc rồi chẻ mỏng. Chả lụa cắt khối tương đương rau củ. Ớt sừng cắt khúc. Bắt chảo dầu và chiên sơ cà rốt, khoai tây, cà tím Bắt chảo với dầu ăn, phi thơm hành boaro, cho mía vào lót bên dưới cùng với ớt sừng, thêm nước dừa vào, nêm nước màu dừa, bột ngũ vị hương, muối, hạt nêm Nấm hương và Hạt sen, đường, nước tương “Phú Sĩ”, rồi cho toàn bộ rau củ vào kho khoảng phút với lửa vừa, xốt trong chảo sánh cạn thì tắt lửa..",8,1
2,1602,"Món: Lẩu đậu tương.
Dinh dưỡng: 251 kcal, 16.5g đạm, 30.4g bột đường, 9.6g béo.
Đặc điểm: Các loại hạt, Lẩu, Món chính, Ít Cholesterol, Ít calo, Ít chất béo bão hòa, Ít chất xơ, Ít tinh bột, Ít đường.
Nguyên liệu: Bắp Mỹ, Bí, Bột Ngọt, Cà Rốt, Củ Sen, Dầu Boaro Phi, Đậu Hũ, Hạt Nêm Ajingon Nấm, Muối, Nấm Hương, Nước, Nước Tương Phú Sĩ, Ớt Hiểm, Rau Má, Tàu Hũ Ky, Tiêu, Tương Hột.
Cách làm: Nấm hương rửa sạch, đem ngâm nước vo gạo cho sạch. Củ sen cắt lát, ngâm nước có pha ít giấm. Hành boaro cắt lát, băm nhỏ. Cà rốt tỉa hoa cắt miếng li. Tàu hũ ki chiên vàng. Bắp mỹ, đậu hũ cắt lát. Ớt hiểm đập dập. Bò chay ngâm nước nóng. Tương hột tán sơ. Phi thơm hành boaro băm, cho nước dùng vào đun sôi, cho củ sen, bắp mỹ, cà rốt, bò chay, ớt hiểm đập dập vào nêm tương hột, hạt nêm hạt nêm từ nấm hương và hạt sen, bột ngọt và nước tương “Phú Sĩ”, cho nấm hương vào, nếm vị vừa ăn..",9,2
2,896,"Món: Mực lụi sả nướng.
Dinh dưỡng: 424 kcal, 23.0g đạm, 73.3g bột đường, 4.6g béo.
Đặc điểm: Giàu Vitamin A, Hải sản, Món chính, Nhiều Cholesterol, Nhiều tinh bột, Ít calo, Ít chất béo bão hòa, Ít chất xơ, Ít đường.
Nguyên liệu: Cơm Trắng, Dưa Leo, Đường, Giò Sống Gà, Hạt Nêm Ajingon Heo, Lá Dứa, Lá Húng, Mực Ống, Nước Mắm, Ớt, Ớt Bột, Ớt Sừng, Rau Xà Lách, Sả, Sả Cây, Tắc, Tiêu, Tỏi, Tương Ớt, Thịt Chay.
Cách làm: Sả cây đập dập, cắt khúc dài băm nhỏ lấy Ớt sừng cắt nhỏ. Ướp thịt: ướp thịt xay với Hạt nêm và tiêu, trộn đều cho thịt thấm gia vị rồi cho giò sống, ớt băm, sả băm vào trộn đều. Ướp mực: mực ướp với Hạt nêm và ớt bột, để thấm. Cắt miếng nhỏ phần đuôi mực, nhồi hỗn hợp thịt vào khoảng thân mực, dùng cây sả cắm vào giữa phần nhân. Dùng dao khứa vài đường trên thân mực rồi sử dụng lá dứa cột phần đầu mực với cây sả lại. Bật nóng lò nướng ở độ C, cho mực lụi sả vào nướng khoảng phút đến khi mực chín, lấy mực ra khỏi lò. Pha nước mắm sả: tương ớt, nước mắm, đường, nặn vào tắc, nếm vị chua ngọt vừa, thêm sả băm, tỏi băm và ớt băm vào..",10,0
3,1850,"Món: Bánh mì kẹp thịt bò bằm.
Dinh dưỡng: 821 kcal, 36.5g đạm, 38.4g bột đường, 58.8g béo.
Đặc điểm: Giàu Vitamin A, Giàu Vitamin B12, Giàu Vitamin D, Giàu đạm, Món chính, Nhiều Cholesterol, Nhiều chất béo bão hòa, Thịt, Thịt đỏ, Ít chất xơ, Ít tinh bột, Đồ ăn nhanh.
Nguyên liệu: Bánh Mì, Cà, Cà Chua, Dầu Ăn, Hành Tây, Hạt Nêm Ajingon Heo, Mì Vàng, Mỡ Heo, Muối, Phô Mai, Sốt Mayonnaise, Tiêu, Tương Cà, Thịt Bò, Trứng Gà.
Cách làm: Hành tây băm nhỏ, cắt sợi. Xào hành tây băm với ít dầu đến khi trong, để nguội. Trộn đều thịt bò, mỡ heo và hành tây xào, thêm hạt nêm, muối, tiêu, mù tạc vàng và tương cà. Nặn thành viên tròn sau đó ép dẹp, đặt lên khay có thoa ít dầu ăn, cất vào tủ lạnh trước khi chiên. Xà lách rửa sạch, để ráo. Cà chua cắt lát. Chiên vàng phần hành tây cắt sợi. Trứng gà chiên ốp la. Chiên thịt bò viên vừa chín tới, cho hành tây chiên lên, thêm lát phô mai, đút lò nướng chảy..",1,1
3,2272,"Món: Viên mè chiên giòn.
Dinh dưỡng: 473 kcal, 24.3g đạm, 13.4g bột đường, 36.2g béo.
Đặc điểm: Các loại hạt, Giàu Vitamin A, Giàu Vitamin B12, Giàu đạm, Hải sản, Món chính, Nhiều Cholesterol, Nhạt muối, Thịt, Trứng, Ít chất xơ, Ít tinh bột, Ít đường, Đồ ăn nhanh.
Nguyên liệu: Bột Năng, Cá Cam, Cà Rốt, Chuối Cau, Dầu Ăn, Gia Vị Phở, Giò Sống Gà, Hành Lá, Hành Tím, Hạt Nêm Ajingon Heo, Mè Đen, Mè Trắng, Sốt Mayonnaise, Sữa Chua, Thịt Heo, Trứng Cút.
Cách làm: Trộn đều thịt heo, giò sống, cà rốt, hành lá, mè trắng và mè đen, nêm hành băm, hành lá, tiêu, hạt nêm và bột năng, để thấm. Hành lá cắt nhỏ. Chuối cau cắt nhỏ. Cam vắt lấy nước. Trứng cút luộc chín, bóc vỏ. Bọc đều hỗn hợp bên ngoài từng quả trứng cút, sau đó lăn qua mè. Đun nóng dầu ăn, chiên viên mè chín vàng, vớt ra để ráo dầu. Pha xốt: Trộn đều chuối xắt hạt lựu, nước cam, sữa chua không đường và xốt Mayonnaise Ngọt Dịu..",2,1
3,1524,"Món: Hoành thánh chiên giòn.
Dinh dưỡng: 309 kcal, 15.5g đạm, 21.0g bột đường, 18.9g béo.
Đặc điểm: Giàu Vitamin A, Giàu đạm, Món chính, Nhiều Cholesterol, Nhiều tinh bột, Thịt, Trứng, Ít đường, Đồ ăn nhanh.
Nguyên liệu: Cà Rốt, Dầu Mè, Hành Lá, Hạt Nêm Ajingon Heo, Hoành Thánh, Nấm Mèo, Sốt Mayonnaise, Tương Xí Muội, Thịt Nạc Vai, Trứng.
Cách làm: Hành lá phần đầu trắng băm nhỏ, lá hành cắt nhỏ. Cà rốt băm nhỏ. Nấm mèo ngâm nở, cắt nhỏ, nêm vào tiêu, trộn đều. Ngò rí cắt nhỏ. Xà lách rửa sạch, để ráo. Thịt nạc vai băm nhuyễn. Làm nhân hoành thánh: trộn đều thịt băm với đầu hành băm, hành lá, nấm mèo, cà rốt, lòng trắng trứng, nêm hạt nêm, đường, tiêu và dầu mè, quết cho đều. Trải lá hoành thánh ra, cho nhân lên, xếp bên mép lại cho gọn. Đun nóng dầu, cho hoành thánh vào chiên vàng. Trộn xốt: trộn đều xốt Mayonnaise với tương xí muội và ngò rí..",3,1
3,1166,"Món: Chả giò ngũ vị.
Dinh dưỡng: 419 kcal, 32.2g đạm, 13.2g bột đường, 26.7g béo.
Đặc điểm: Giàu Vitamin A, Giàu Vitamin B12, Giàu Vitamin D, Giàu đạm, Món chính, Nhiều Cholesterol, Nhiều muối, Thịt, Thịt đỏ, Trứng, Ít chất xơ, Ít tinh bột, Ít đường.
Nguyên liệu: Bột Ngọt, Bột Ngũ Vị Hương, Cần, Củ Năng, Da Bò, Giò Sống Gà, Hành, Hành Lá, Khoai Lang, Lòng Đỏ Trứng Muối, Nước Tương Phú Sĩ, Sốt Mayonnaise, Tương Ớt, Thịt Bò, Trứng Gà.
Cách làm: Khoai lang bào sợi chiên vàng giòn. Củ năng cắt sợi nhỏ. Lòng đỏ trứng muối cắt miếng nhỏ. quả trứng gà đánh tan. Trộn đều thịt bò xay với giò sống, quả trứng gà, củ năng, khoai lang chiên, hành tỏi phi, cọng cần tàu, với bột năng, bột ngũ vị hương, bột ngọt, muối, đường, nước tương “Phú Sĩ”. Đặt da bò bía lên dĩa cho nhân thịt bò vào, xếp lòng đỏ trứng muối, ớt sợi, hành lá trên cùng, phết trứng gà lên bánh bò bía, gấp hai bên vào và cuộn lại. Làm nóng dầu cho cuốn chả giò vào chiên chín vàng, vớt ra để lên giấy thấm dầu. Xốt chấm: trộn đều xốt Mayonnaise, tương ớt chua ngọt, ớt tabasco đỏ..",4,2
3,1184,"Món: Mì căn nhồi rô ti.
Dinh dưỡng: 515 kcal, 41.7g đạm, 52.8g bột đường, 15.6g béo.
Đặc điểm: Giàu đạm, Món chính, Nhiều tinh bột, Thịt, Ít đường.
Nguyên liệu: Bánh Mì, Bột Ngũ Vị Hương, Dầu Ăn, Dầu Điều, Đậu Trắng, Đường, Giò, Hành Boarô, Hạt Nêm Ajingon Nấm, Mì Căn, Nước Dừa, Nước Tương Phú Sĩ, Ớt, Rau Răm, Sả Cây, Tiêu.
Cách làm: Hành boa-rô cắt lát, phi với ít dầu. Đậu hũ trắng chần qua nước sôi, để nguội, vắt ráo nước. Rau răm cắt nhỏ. Sả cây đập dập. Trộn đều giò sống chay với rau răm, đậu hũ trắng, nêm vào tiêu, phần boa-rô phi, hạt nêm, bột năng, trộn đều, để phút cho thấm gia vị. Nhồi nhân: Cho phần nhân đã trộn đều vào bao bắt bông kem, sau đó bắt vào ruột mì căn. Đun nóng dầu, cho mì căn vào chiên vàng vớt ra để ráo. Rô ti: đun nóng chảo, cho vào đường, dầu điều và sả cây vào xào thơm, thêm phần hành boa-rô phi còn lại vào, cho tiếp nước dừa, xếp cuốn mì căn lên trên cây sả, nêm bột ngũ vị hương, hạt nêm hạt nêm, nước tương “Phú Sĩ”, khuấy đều, hạ nhỏ lửa nấu đến khi xốt sánh sệt, tắt lửa..",5,2
3,1720,"Món: Phô mai que đậu phộng.
Dinh dưỡng: 1435 kcal, 38.1g đạm, 123.0g bột đường, 88.6g béo.
Đặc điểm: Các loại hạt, Giàu Vitamin A, Giàu Vitamin D, Giàu Vitamin E, Giàu chất béo không bão hòa đơn, Giàu đạm, Nhiều Cholesterol, Nhiều chất béo bão hòa, Nhiều tinh bột, Năng lượng cao, Ít đường, Đồ ăn nhanh.
Nguyên liệu: Bột Mì, Dầu Ăn, Dâu Tây, Đậu Phộng, Đường, Hạt Nêm Ajingon Heo, Phô Mai, Sốt Mayonnaise, Trứng Gà.
Cách làm: Phô mai cắt que dài Quậy đều trứng gà với bột mì, nêm hạt nêm, để phút cho bột nở. Đậu phộng giã nhỏ, trộn chung với bột xù. Làm xốt dâu: nhào dâu với đường và một ít nước cho dâu chín nhừ, để nguội. Pha xốt Mayonnaise và hỗn hợp dâu ngào đường. Tẩm bột phô mai: Lăn que phô mai lần lượt qua bột mì (phần còn lại), hỗn hợp bột trứng, hỗn hợp đậu phộng và bột xù, sau đó để lạnh. Đun nóng dầu ăn, chiên phô mai với lửa lớn cho tới khi phô mai vàng đều, vớt ra để ráo dầu..",6,0
3,1638,"Món: Trứng chiên lạp xưởng.
Dinh dưỡng: 528 kcal, 21.6g đạm, 54.7g bột đường, 24.5g béo.
Đặc điểm: Giàu Vitamin A, Giàu Vitamin D, Giàu đạm, Món chính, Nhiều Cholesterol, Nhiều muối, Nhiều tinh bột, Thịt, Trứng, Đồ ăn nhanh, Đồ ăn sẵn.
Nguyên liệu: Bánh Mì, Dầu Ăn, Hành Lá, Hành Tây, Hạt Nêm Ajingon Heo, Lạp Xưởng, Nước Mắm, Nước Tương Phú Sĩ, Ớt Sừng, Tiêu Trắng, Tỏi, Tương Ớt, Trứng Gà.
Cách làm: Lạp xưởng luộc chín, chiên sơ rồi cắt xéo, lát mỏng. Hành tây cắt lát mỏng. Hành lá rửa sạch, cắt nhỏ. Tỏi đập dập. Ớt cắt lát. Trứng gà đập ra tô, nêm hạt nêm, nước mắm và tiêu, dùng đũa đánh đều, rồi cho hành tây vào. Phi thơm tỏi, vớt tỏi ra khỏi chảo rồi đổ trứng vào, nghiêng chảo cho trứng tráng đều quanh chảo. khi trứng vừa se mặt thì cho lạp xưởng vào đều trên mặt trứng, rắc thêm hành lá lên, trứng chín thì tắt bếp..",7,1
3,1508,"Món: Cuốn lạp xưởng chiên giòn.
Dinh dưỡng: 356 kcal, 30.1g đạm, 8.7g bột đường, 22.0g béo.
Đặc điểm: Giàu Vitamin B12, Giàu đạm, Món chính, Nhiều Cholesterol, Nhiều chất béo bão hòa, Nhiều muối, Thịt, Thịt đỏ, Ít chất xơ, Ít tinh bột, Ít đường, Đồ ăn nhanh, Đồ ăn sẵn.
Nguyên liệu: Bột Năng, Cá Thác Lác, Đầu Hành Lá, Hạt Nêm Ajingon Heo, Lạp Xưởng, Tàu Hũ Ky, Tiêu Hạt.
Cách làm: Lạp xưởng luộc chín, làm nguội cắt đôi. Tàu hũ ky cắt miếng Trộn cá thác lác với tiêu giã bễ, đầu hành lá băm, hạt nêm, quết đều. Cuốn lạp xưởng: Rắc một ít bột năng lên miếng tàu hũ ky. Phết đều một lớp mỏng cá thác lác lên trên miếng tàu hủ ky. Cho lạp xưởng vào gấp hai đầu, cuộn tròn để phần mí phía dưới. Hấp chín, để nguội, lau khô. Chiên cuốn lạp xưởng ngập dầu với lửa vừa đến khi vàng giòn, để ráo..",8,2
3,932,"Món: Gà viên phô mai chiên giòn.
Dinh dưỡng: 904 kcal, 31.8g đạm, 24.7g bột đường, 75.6g béo.
Đặc điểm: Giàu Vitamin A, Giàu Vitamin E, Giàu chất béo không bão hòa đơn, Giàu đạm, Món chính, Nhiều Cholesterol, Nhiều chất béo bão hòa, Thịt, Ít chất xơ, Ít tinh bột, Ít đường, Đồ ăn nhanh.
Nguyên liệu: Bột Mì, Cà Chua Bi, Dầu Ăn, Gừng Non, Giấm, Giò Sống Gà, Lá Húng, Ngò Rí, Ớt Sừng, Phô Mai, Sốt Mayonnaise, Tương Cà, Thịt Ức Gà.
Cách làm: Thịt ức gà băm nhuyễn. Ngò rí cắt nhuyễn. Gừng băm nhuyễn. Ớt sừng bỏ hạt cắt nhỏ. Tạo hình: cho thịt gà vào tô với ngò rí, gừng băm và ớt sừng, thêm bột tẩm khô chiên giòn, trộn đều rồi cho giò sống vào quết đều, chia thành phần nhỏ đều nhau. Lấy phần thịt gà viên thành viên tròn rồi ấn dẹp, cho viên phô mai vào giữa rồi viên tròn lại. Lần lượt tạo hình hết lượng nhân. Chiên: Tẩm viên gà phô mai qua bột tẩm khô chiên giòn, cho vào chảo dầu nóng chiên chín vàng, vớt ra để ráo dầu. Pha xốt chấm: xốt mayonnaise, tương cà, trộn đều..",9,0
3,67,"Món: Cánh gà rim hạt đác.
Dinh dưỡng: 492 kcal, 56.5g đạm, 16.0g bột đường, 21.9g béo.
Đặc điểm: Các loại hạt, Giàu Vitamin A, Giàu Vitamin B6, Giàu đạm, Món chính, Nhiều Cholesterol, Thịt, Ít tinh bột, Ít đường.
Nguyên liệu: Cánh Gà, Chanh Dây, Đường, Gia Vị Nêm Sẵn Ajiquick Lẩu Bò, Hành Tím, Hạt Mè, Nước Mắm, Tỏi, Thịt Gà.
Cách làm: Chần hạt đác qua nước sôi, phút, vớt ra để ráo. Ướp gà phút với hành tím băm, tỏi băm, nước mắm, Aji- Thịt Kho, đường, tiêu xay. Phi thơm hành tỏi băm còn lại, cho cánh gà vào đảo đều đến khi săn, thêm hạt đác, nước và hạt chanh dây, nước lọc và phần Aji Thịt Kho còn lại. Rim đến khi sệt lại. Thêm hành lá cắt khúc, đảo đều..",10,3
4,1545,"Món: Salad ngũ sắc.
Dinh dưỡng: 243 kcal, 17.5g đạm, 12.6g bột đường, 13.7g béo.
Đặc điểm: Giàu Vitamin A, Giàu Vitamin B12, Hải sản, Nhiều Cholesterol, Rau xanh, Trái cây, Trứng, Ít chất xơ, Ít tinh bột, Ít đường.
Nguyên liệu: Cà Chua, Cá Ngừ, Đậu Ve Nhật, Đường, Giấm Gạo, Hành Tím, Khoai Tây, Muối, Ngò Rí, Rau Xà Lách, Sốt Mayonnaise, Trứng.
Cách làm: Đậu cô ve tước bỏ xơ, trụng qua nước sôi, vớt ra ngâm vào nước lạnh, đập dập, cắt khúc xéo. Khoai tây rửa sạch, luộc chín, bóc vỏ, cắt lát dày Xà lách rửa sạch, cắt khúc Cà chua bỏ hạt cắt khoanh. Trứng gà luộc chín, bóc vỏ, cắt lát. Ngò rí rửa sạch, để ráo. Hành tím cắt lát. Làm nước xốt trộn salad: cho lượng cá ngừ và nước dầu ngâm cá, thêm Giấm gạo lên men LISA, muối, đường, nước và xốt Mayonnaise, cho vào máy xay sinh tố, xay nhuyễn. Trộn salad: cho xà lách, khoai tây, đậu cô ve, trứng và cà chua vào trộn đều với nước xốt..",1,3
4,1030,"Món: Salad ngũ sắc chay.
Dinh dưỡng: 577 kcal, 3.1g đạm, 10.7g bột đường, 58.1g béo.
Đặc điểm: Giàu Vitamin A, Giàu Vitamin C, Giàu chất béo không bão hòa đơn, Nhiều Cholesterol, Nhiều chất béo bão hòa, Rau xanh, Ít chất xơ, Ít tinh bột, Ít đường, Ít đạm.
Nguyên liệu: Bột Ngọt, Cà Rốt, Cần Tây, Chả Chay, Dầu Ăn, Dầu Hào, Đường, Hành, Mì Ý, Mỡ, Nước Tương Phú Sĩ, Ớt Chuông, Ớt Chuông Đỏ, Tiêu.
Cách làm: Xà lách mỡ rửa sạch, cắt dọc làm đôi, bỏ cuống, lấy ra khoảng lá xà lách để bày món ăn. Cà rốt, cần tây, chả chay, ớt chuông đỏ, vàng cắt hạt lựu nhỏ. Phi thơm hành boaro với dầu ăn, cho cà rốt, ớt chuông đỏ, vàng, cần tây, chả chay vào đảo nhanh tay, nêm nước tương “Phú Sĩ”, dầu hào chay, bột ngọt, đường. mở lửa nhỏ, xào vừa chín. Tắt lửa để nguội..",2,0
4,141,"Món: Salad bít tết.
Dinh dưỡng: 223 kcal, 6.5g đạm, 33.3g bột đường, 8.1g béo.
Đặc điểm: Giàu Vitamin A, Món chính, Rau xanh, Thịt, Thịt đỏ, Ít Cholesterol, Ít calo, Ít chất béo bão hòa, Ít tinh bột, Ít đường, Ít đạm.
Nguyên liệu: Bắp Vàng, Cà, Cà Chua Bi, Cà Rốt, Dầu Ăn, Dưa Leo Nhật, Hành Tây Tím, Hành Tím, Hạt Nêm Ajingon Heo, Khoai Lang Vàng, Mì Ý, Nước Tương Phú Sĩ, Ngò Rí, Rau Xà Lách, Rong Nho, Tiêu Đen.
Cách làm: Ướp bò với nước cốt hành tỏi, tiêu đen, hạt nêm heo, nước tương Phú Sĩ phút. Cà rốt, hành tây tím, khoai lang tím, khoai lang vàng cắt sợi. Hành tây tím ngâm qua nước lạnh phút, vớt ra để ráo, xà lách cắt miếng vừa ăn, cà chua bi cắt đôi, dưa leo nhật cắt mặt trăng độ dày ly. Giữ lạnh. Chiên phần mỡ của miếng bò trước, sau đó chiên hai mặt còn lại đến khi vừa chín, để nguội. Chiên giòn khoai lang tím, khoai lang vàng..",3,2
4,879,"Món: Salad hạt chia.
Dinh dưỡng: 232 kcal, 2.2g đạm, 28.3g bột đường, 13.8g béo.
Đặc điểm: Các loại hạt, Giàu Vitamin A, Giàu Vitamin C, Giàu Vitamin K, Nhiều tinh bột, Nhạt muối, Rau xanh, Trái cây, Ít đạm.
Nguyên liệu: Chuối Già Hương, Dâu Tây, Hạt Chia, Mật Ong, Nước Chanh, Nho, Ô Liêu, Rau Xà Lách, Sả Cây, Sốt Mayonnaise, Xoài.
Cách làm: Sả cây đập dập. Xà lách giòn cắt khúc. Chuối già cắt khoanh. Xoài cắt vuông cờ. Dâu tây cắt lát. Đun sôi nước cùng cây sả đập dập, để nguội, sau đó lấy nước sả cho vào hạt chia ngâm nở trong Nho khô ngâm nước ấm cho nở. Pha xốt trộn: cho dầu ô liu, mật ong, nước cốt chanh và hạt chia ngâm nở vào khuấy đều. Trộn salad: cho xà lách, nho khô, xoài cùng dâu tây và chuối vào tô trộn salad, cho hết lượng xốt vào trộn đều..",4,1
4,1109,"Món: Nicoise salad (Salad trứng cá ngừ).
Dinh dưỡng: 234 kcal, 21.1g đạm, 18.7g bột đường, 8.3g béo.
Đặc điểm: Giàu Vitamin A, Giàu Vitamin B12, Giàu Vitamin B6, Giàu Vitamin D, Giàu đạm, Hải sản, Món chính, Nhiều Cholesterol, Nhạt muối, Rau xanh, Trứng, Ít chất béo bão hòa, Ít tinh bột, Ít đường.
Nguyên liệu: Cà Chua, Cá Ngừ, Dầu Mè, Đậu, Giấm Gạo, Hành Tây Tím, Khoai Tây, Rau Xà Lách, Tiêu Đen, Trứng Gà.
Cách làm: – Cá hộp để riêng phần thịt cá và dầu ngâm cá. Trứng gà cắt múi cau. – Cà chua cắt lát ướp ít muối. Hành tây tím cắt mỏng ngâm nước lạnh. Xà lách búp cắt nhỏ. – Đậu cove Nhật luộc chín cắt xéo làm Khoai tây luộc chín nguyên củ, lột vỏ, cắt lát dày ướp với rượu vang trắng. – Làm xốt: cho muối, mù tạc vàng, đường, giấm gạo lên men của vào cối xay sinh tố, vừa xay vừa cho từ từ dầu ăn và dầu ngâm cá vào, cho tiêu đen vào xay đều..",5,3
4,394,"Món: Salad cua táo xanh.
Dinh dưỡng: 142 kcal, 8.0g đạm, 12.7g bột đường, 7.1g béo.
Đặc điểm: Giàu Vitamin A, Giàu Vitamin B12, Hải sản, Nhiều Cholesterol, Rau xanh, Trái cây, Ít calo, Ít chất béo bão hòa, Ít chất xơ, Ít tinh bột.
Nguyên liệu: Cần Tây, Dưa Leo, Hành Tây, Lá Húng, Mật Ong, Nước Tắc, Ô Liêu, Sốt Mayonnaise, Táo, Thì Là, Thịt Càng Cua.
Cách làm: Cần tây: Thái sợi (lấy cọng non). Thịt cua (càng cúm): Đã nhặt sạch (loại còn nguyên thớ thịt), bỏ xương bên trong. Dưa leo: Bào vỏ, bỏ hạt, thái sợi. Củ thì là, táo xanh, hành tây: Thái sợi. Ôliu đen: Cắt khoanh. Trụng cua: Cho ít nước vào nồi cùng với gừng và rượu trắng đợi nước sôi cho thịt cua vào trụng sơ sau đó vớt ra để nguội vắt nhẹ tay cho ráo nước. Làm salad: Cho tất cả các nguyên liệu đã thái vào tô cùng lá húng lủi và ngò cắt rối sau đó cho vào tủ giữ lạnh. Pha sốt: cho Xốt Mayonnaise Ngọt Dịu cùng nước tắc + mật ong + mù tạt hạt và thêm vào đó muối trộn đều. Trình bày: Cho hết lượng sốt đã pha vào tô nguyên liệu đã thái trộn đều và xếp ra đĩa sau đó cho thịt cua và ôliu đen lên trên topping thêm Xốt Mayonaise lên trên, trang trí thêm lá húng lủi..",6,3
4,733,"Món: Salad đậu hũ chiên.
Dinh dưỡng: 322 kcal, 14.7g đạm, 44.1g bột đường, 10.4g béo.
Đặc điểm: Giàu Sắt, Giàu Vitamin A, Giàu Vitamin K, Giàu chất xơ, Giàu đạm, Món chính, Nhiều tinh bột, Rau xanh, Ít đường.
Nguyên liệu: Bắp Cải, Bột Mì, Cà Rốt, Chà Bông, Đậu Trắng, Lá Húng, Mì Ý, Rau Xà Lách, Sốt Mayonnaise, Tỏi, Tương Ớt.
Cách làm: Xà lách rửa sạch, để ráo, cắt sợi. Bắp cải bào mỏng, rửa sạch, để ráo. Cà rốt cắt sợi. Húng lủi cắt nhỏ. Đậu hũ trắng cắt sợi nhỏ. Chà bông cắt ngắn. Pha xốt: Trộn Xốt Mayonnaise với tương cà, tương ớt. Chiên đậu hũ: Tẩm đậu hũ qua Gia vị nêm sẵn Bột tẩm khô chiên giòn, cho vào chảo dầu nóng chiên chín vàng, vớt ra để ráo dầu..",7,1
4,1054,"Món: Salad nui.
Dinh dưỡng: 226 kcal, 7.2g đạm, 17.4g bột đường, 15.1g béo.
Đặc điểm: Giàu Vitamin A, Giàu Vitamin D, Món chính, Nhiều Cholesterol, Rau xanh, Thịt, Trái cây, Trứng, Ít chất xơ, Ít tinh bột.
Nguyên liệu: Cà Chua Bi, Chanh, Dưa Leo, Mật Ong, Mì Vàng, Muối, Nui, Ngò Rí, Sốt Mayonnaise, Thịt Nguội, Trứng Gà, Xoài Cát.
Cách làm: Luộc nui: nấu nước sôi rồi cho nui vào, thêm một ít muối và dầu ăn vào. Luộc nui trong phút sau đó vớt ra, xả với nước. Pha xốt salad: khuấy tan mù tạt vàng với nước chanh, mật ong, sau đó cho xốt Mayonnaise vào, khuấy đều. Dưa leo bào vỏ, chẽ làm rồi bỏ hạt, cắt khối vuông Cà chua bi cắt đôi. Xoài cắt hình khối vuông Ngò rí cắt khúc. Thịt nguội cắt vuông Trứng luộc, sau đó bóc vỏ cắt múi cau..",8,1
4,404,"Món: Salad rong nho.
Dinh dưỡng: 245 kcal, 6.6g đạm, 15.8g bột đường, 18.2g béo.
Đặc điểm: Giàu Vitamin A, Giàu Vitamin K, Hải sản, Rau xanh, Ít tinh bột, Ít đường.
Nguyên liệu: Bắp Cải Tím, Bơ, Cà Chua Bi, Giấm Gạo, Mù Tạt, Ngò Tây, Ớt Paprika, Rau Xà Lách, Rong Nho, Sốt Mayonnaise, Tương Cà, Tương Ớt, Thanh Cua.
Cách làm: Bơ gọt vỏ, cắt hạt lựu Thanh cua xé sợi. Cà chua bi cắt đôi. Bắp cải tím cắt sợi. Xà lách giòn cắt khúc rửa sạch, để ráo. Pha xốt: trộn đều tương ớt, tương cà, mù tạt và xốt Mayonnaise, giấm. Trộn đều và nhẹ tay bơ, cà chua bi, bắp cải tím với xốt, thêm thanh cua..",9,2
4,1073,"Món: Salad bí ngòi nướng.
Dinh dưỡng: 265 kcal, 11.4g đạm, 10.7g bột đường, 20.5g béo.
Đặc điểm: Giàu Vitamin A, Nhiều Cholesterol, Nhiều muối, Rau xanh, Ít chất xơ, Ít tinh bột, Ít đường.
Nguyên liệu: Bắp Mỹ, Bí Ngòi Vàng, Chanh Vàng, Lá Húng, Muối, Sốt Mayonnaise, Thịt Xông Khói.
Cách làm: Bí ngòi màu cắt khoanh dày li. Ba rọi xông khói áp chảo cho vàng giòn, cắt Vỏ chanh mài nhuyễn. Húng lủi băm nhỏ. Trộn đều dầu oliu với muối, vỏ chanh mài và húng lủi băm. Phết hỗn hợp dầu lên bí ngòi, nướng bằng vỉ có đường sọc đến khi xém đều hai mặt. Pha xốt: Trộn đều xốt Mayonnaise, húng lủi băm, vỏ chanh mài, nước cốt chanh..",10,1
5,1969,"Món: Lạc xá chay.
Dinh dưỡng: 1212 kcal, 44.8g đạm, 136.8g bột đường, 59.0g béo.
Đặc điểm: Các loại hạt, Giàu Sắt, Giàu Vitamin A, Giàu chất xơ, Giàu đạm, Món chính, Nhiều chất béo bão hòa, Nhiều tinh bột, Nhạt muối, Rau xanh, Ít Cholesterol.
Nguyên liệu: Bánh Mì, Bột Báng, Bột Ngọt, Cà Rốt, Dầu Ăn, Dầu Boaro Phi, Dầu Điều, Dừa Nạo, Đậu Trắng, Đường, Hạt Nêm Ajingon Nấm, Nấm Rơm, Ớt Bột, Ớt Sừng, Sả, Tàu Hũ Ky, Tương Cà.
Cách làm: Đậu hũ cắt miếng vuông cạnh chiên vàng. Sả cây đập dập, cắt khúc Ớt sừng cắt khúc. Dừa nạo vắt lấy nước cốt, tô nước dão. Nấm rơm cắt chữ thập, trụng sơ qua nước sôi. Tàu hũ ki chiên giòn. Cà rốt tỉa hoa, cắt lát dày Ướp đậu hũ chiên, nấm và lượng tàu hũ ki chiên với sả băm, ớt bột, dầu điều, hạt nêm từ nấm hương và hạt sen, đường, poa rô phi, bột ngọt, tương cà. Đun nóng dầu điều, xào sả cây, đậu hũ và tàu hũ ki đã ướp, cho cà rốt, ớt hiểm vào đảo cho thấm gia vị, cho thêm nước dão dừa và sau đó cho nước cốt dừa. Nấu vừa sôi thì tắt lửa..",1,2
5,1476,"Món: Sườn chay nấu đậu.
Dinh dưỡng: 826 kcal, 30.4g đạm, 93.2g bột đường, 38.3g béo.
Đặc điểm: Các loại hạt, Giàu Vitamin A, Giàu đạm, Món chính, Nhiều chất béo bão hòa, Nhiều tinh bột, Rau xanh.
Nguyên liệu: Bánh Mì, Bột Năng, Bột Ngọt, Cà, Cà Rốt, Dầu Ăn, Dầu Điều, Dừa, Đậu Bi, Đậu Trắng, Hành, Muối, Nước Tương Phú Sĩ, Ngò Rí, Ớt Sừng, Sườn, Tàu Hũ Ky, Tiêu.
Cách làm: Đậu trắng và đậu bi luộc chín trong nước có ít thuốc muối, vớt ra rửa sạch, để ráo. Đậu trắng lột bỏ vỏ, cà rốt tỉa hoa, xắt lát. Hành boaro băm nhỏ, cắt khúc xéo phi thơm hành boaro băm. Dừa tươi chặt lấy nước. Hòa tan bột năng với nước. Ngò rí rửa sạch, để ráo. Sườn chay ngâm mềm, ướp với hành boaro phi, muối, nước tương Phú Sĩ và bột ngọt, để thấm phút. Phi thơm hành boaro cắt khúc, cho sườn vào xào săn, nêm xốt cà vào đảo đều. Thêm cà rốt, đậu trắng, đậu bi và nước dừa vào nấu chín, thêm dầu điều và nước bột năng vào khuấy cho nước hơi sánh lại, nêm lại vị vừa ăn, tắt bếp..",2,2
5,1991,"Món: Trứng đúc hẹ.
Dinh dưỡng: 136 kcal, 7.1g đạm, 3.3g bột đường, 10.4g béo.
Đặc điểm: Giàu Choline, Giàu Vitamin A, Giàu Vitamin B12, Giàu Vitamin D, Giàu đạm, Món chính, Nhiều Cholesterol, Nhiều muối, Rau xanh, Thịt, Trứng, Ít chất xơ, Ít tinh bột, Ít đường.
Nguyên liệu: Bánh Tôm Hẹ, Dầu Ăn, Hạt Nêm Ajingon Heo, Nước Mắm, Ớt Sừng, Sốt Mayonnaise, Tiêu, Thịt Nạc Dăm, Trứng Gà.
Cách làm: Thịt nạc dăm xay nhuyễn, ướp hạt nêm, tiêu, nước, để thấm. Hẹ cắt nhỏ. Ớt sừng cắt hạt lựu. Trứng đánh tan, trộn đều với hẹ, sau đó cho xốt Mayonnaise vào rồi đánh nhẹ. Làm nóng ít dầu, cho thịt vào xào săn, tiếp tục cho trứng vào, rắc thêm ớt, đậy vung khoảng phút..",3,0
5,1340,"Món: Nộm gà chay hoa chuối.
Dinh dưỡng: 889 kcal, 76.9g đạm, 73.3g bột đường, 35.3g béo.
Đặc điểm: Các loại hạt, Giàu đạm, Món chính, Nhiều tinh bột, Rau xanh, Ít Cholesterol, Ít chất xơ.
Nguyên liệu: Bột Năng, Bột Ngọt, Cà Rốt, Chân Nấm, Chuối, Đậu Phộng, Ham Chay, Hạt Nêm Ajingon Nấm, Hoa Chuối, Lá Chanh, Nước Tắc, Nước Tương Phú Sĩ, Rau Răm, Tàu Hũ Ky.
Cách làm: Chân nấm rửa sạch, ngâm nở, chần sơ, vắt ráo, ướp hạt nêm nấm hương hạt sen, bột ngọt, hành boa rô phi, nước tương “Phú Sĩ”. Áp chảo chân nấm không dùng dầu, đến khi có mùi thơm. Để nguội, xé miếng vừa ăn. Tàu hũ ky lá cắt miềng Tàu hũ ky cọng cắt dài bằng tàu hũ ky lá. Ướp hai loại với hạt nêm, bột ngọt, hành boa rô phi và đường. Ham chay cắt cỡ cọng đũa. Tạo hình giả gà: trải lớp lá chuối, lớp tàu hũ ky lá, phết lớp hồ bột năng mỏng, đặt tiếp tàu hũ ky, ham chay, rải đều chân nấm, đặt rau răm lên, cuốn lại từ phần tàu hũ ky lá như cuốn bì. Cuộn tiếp bên ngoài là lớp lá chuối, cột dây lại. Làm hết phần nguyên liệu, bó các cuộn chung lại với nhau, đem hấp chín khoảng phút từ khi nước sôi. Lấy ra để thật nguội, gỡ bỏ lá chuối, cắt lát xéo dày Pha nước trộn gỏi chay: muối, ớt băm, đường, nước tương, nước cốt tắc..",4,3
5,105,"Món: Chả giò rong biển chay.
Dinh dưỡng: 371 kcal, 18.4g đạm, 47.6g bột đường, 13.1g béo.
Đặc điểm: Giàu Magie, Giàu Sắt, Giàu Vitamin A, Giàu chất xơ, Giàu đạm, Món chính, Nhiều muối, Nhiều tinh bột, Rau xanh, Ít Cholesterol, Ít đường.
Nguyên liệu: Boarô Phi, Bột Năng, Bột Ngọt, Cọng Ngò, Củ Năng, Dầu Ăn, Đậu Trắng, Đậu Xanh, Đồ Chua, Đường, Hạt Nêm Ajingon Nấm, Mè Trắng, Nấm Hương, Nước Chanh, Nước Tương Phú Sĩ, Rong Biển Nori, Tàu Hũ Ky, Tiêu Xanh.
Cách làm: Trộn đều đậu hủ, bún tàu, loại nấm, củ năng, cà rốt, tiêu xanh đập dập, boa rô phi, cọng ngò rí, tàu hủ ky chiên bóp vụn, bột năng đường, hạt nêm Nấm, bột ngọt + nước tương Phú Sĩ. Cắt lá rong biển có kích thước x Khuấy hồ: Cho bột năng hòa nước, bắc lên bếp khuấy đều. Cuốn chả giò: dùng lá rong biển cuốn nhân hở đầu, phết hồ lên xung quanh cuộn chả giò, xong lăn nguyên cuộn qua mè trắng. Chiên: Đun dầu nóng, cho chả giò vào chiên chín giòn. Vớt chả giò ra để ráo Xốt chấm: Nước tương pha: nước tương Phú Sĩ + nước + nước cốt chanh + đường..",5,1
5,508,"Món: Mì căn kho nấm – Cháo lá dứa.
Dinh dưỡng: 332 kcal, 30.4g đạm, 33.1g bột đường, 8.6g béo.
Đặc điểm: Giàu đạm, Món chính, Rau xanh, Ít Cholesterol, Ít chất béo bão hòa, Ít chất xơ, Ít tinh bột, Ít đường.
Nguyên liệu: Cơm Nếp, Dầu Ăn, Dầu Hào, Đường, Gạo, Hạt Nêm Ajingon Nấm, Lá Dứa, Mì Căn, Nấm Rơm, Nước Dừa, Nước Tương Phú Sĩ, Ớt Hiểm Xanh, Ớt Sừng, Tiêu Sọ, Tiêu Xanh.
Cách làm: Nấm rơm búp: Loại nhỏ đều, khứa chữ thập. Boa rô: Cắt lát. Lá dứa: Xay lấy màu chừa lại nguyên. Nấu cháo lá dứa: Bắt nồi lên nấu cháo với gạo mới, nếp mới, dứa, muối hạt, khi cháo sắp đạt (rền) thì cho nước màu lá dứa vào, cháo sôi lại thì tắt lửa ngay. Mì căn cắt đôi rồi cắt xéo làm chiên sơ qua. Kho: Cho dầu vào nồi phi poa rô. Cho nấm vào xào, cho mì căn, cho tiêu xanh đập giập, ớt xanh đỏ. vào xào chung. Thêm nước tương “Phú Sĩ”, Hạt nêm Nấm, dầu hào, trộn đều. Xong cho nước dừa vào kho liu riu. Kho đến khi nước sanh sánh, rắc tiêu, lá boaro cắt nhỏ, ớt sừng băm..",6,3
5,1681,"Món: Đậu rồng xào trứng.
Dinh dưỡng: 142 kcal, 14.7g đạm, 5.7g bột đường, 6.4g béo.
Đặc điểm: Giàu Choline, Giàu Vitamin A, Giàu Vitamin B12, Giàu đạm, Món chính, Nhiều Cholesterol, Rau xanh, Trứng, Ít chất xơ, Ít tinh bột, Ít đường.
Nguyên liệu: Cật Heo, Đậu Rồng, Hành, Hành Lá, Hạt Nêm Ajingon Heo, Nước Mắm, Nước Tương Phú Sĩ, Ớt Hiểm, Trứng Vịt.
Cách làm: Đậu rồng lặt rửa sạch, cắt xéo. Cà rốt cắt sợi dài Hành lá, ngò rí cắt nhỏ. Trứng vịt lấy lòng đỏ đánh tan, nêm ít tiêu. Cật heo làm sạch, khứa xéo ca rô rồi cắt miếng dày ướp với hạt nêm, tiêu và hành tỏi băm, để thấm. Phi thơm hành tỏi băm, cho cật heo vào xào, nêm rượu trắng, nước, xào vừa chín tới, trút ra dĩa. Thêm dầu ăn vào chảo, phi hành tỏi băm, cho đậu rồng và cà rốt vào xào, nêm hạt nêm, xào rau vừa chín thì trút cật đã xào vào, cho lòng đỏ trứng vào đảo đều, thêm nước, trứng chín thì tắt bếp..",7,0
5,1467,"Món: Súp tóc tiên bí đao.
Dinh dưỡng: 90 kcal, 12.2g đạm, 6.9g bột đường, 1.9g béo.
Đặc điểm: Giàu Vitamin A, Giàu Vitamin B12, Giàu Vitamin D, Giàu đạm, Hải sản, Món chính, Nhiều Cholesterol, Nhạt muối, Rau xanh, Ít calo, Ít chất béo bão hòa, Ít chất xơ, Ít tinh bột, Ít đường.
Nguyên liệu: Bí Đao, Bột Năng, Cá Viên, Hạt Nêm Ajingon Heo, Ngò Rí, Tiêu, Tôm, Trứng Gà.
Cách làm: Tôm bóc vỏ, cắt hạt lựu, ướp với hạt nêm và tiêu, để thấm. Tóc tiên ngâm mềm, cắt ngắn rửa qua nước pha gừng, để ráo. Bí đao gọt vỏ, bỏ ruột, cắt hạt lựu. Ngò rí cắt nhỏ. Trứng gà đánh tan. Hòa tan bột năng với nước. Đun sôi nước, cho bí đao vào nấu chín, nêm hạt nêm, thêm tôm, giảm lửa, cho bột năng vào từ từ đến khi súp sánh lại, đổ trứng vào khi nước đang sôi và tóc tiên vào, khuấy đều, tắt bếp..",8,0
5,215,"Món: Chả lá xương sông.
Dinh dưỡng: 379 kcal, 36.4g đạm, 9.8g bột đường, 21.9g béo.
Đặc điểm: Giàu Vitamin A, Giàu Vitamin B12, Giàu Vitamin K, Giàu đạm, Món chính, Nhiều Cholesterol, Rau xanh, Thịt, Thịt đỏ, Ít chất xơ, Ít tinh bột, Ít đường.
Nguyên liệu: Bột Ngọt, Dầu, Dưa Leo, Đầu Hành Lá, Gừng, Hành Lá, Hạt Nêm Ajingon Heo, Nấm Hương, Nước Mắm, Ớt Sừng, Rau Ghém, Sốt Mayonnaise, Tiêu, Tương Ớt, Thịt Nạc Vai, Xương Sông.
Cách làm: Lá sương sông cắt chỉ. Cho thịt heo vào tô sau đó cho hết tai nấm hương băm nhỏ và xương sông thái chỉ, hành lá thái nhỏ, dầu hành lá băm, ớt sừng băm, gừng băm cùng với gia vị Hạt nêm HEO, Bột ngọt, nước mắm, tiêu sau đó trộn đều. Dùng muỗng cho nhân vào mặt láng của lá sau đó cuộn tròn lại và làm lần lượt cho hết nhân. Tiếp theo cho dầu ăn vào chảo xếp chả vào và chiên với lửa vừa, chiên các mặt của chả sau đó cho ra giấy thấm dầu..",9,0
5,2241,"Món: Gỏi đu đủ.
Dinh dưỡng: 313 kcal, 22.6g đạm, 36.2g bột đường, 9.6g béo.
Đặc điểm: Giàu Vitamin A, Giàu Vitamin C, Giàu đạm, Món chính, Nhiều Cholesterol, Nhiều tinh bột, Rau xanh, Thịt, Trái cây, Ít chất béo bão hòa.
Nguyên liệu: Bánh Tráng Mè, Cà Rốt, Đậu Phộng, Đu Đủ Xanh, Đường, Giấm Gạo, Nước Mắm, Ớt, Rau Húng Lũi, Rau Răm, Tỏi, Thịt Ức Gà.
Cách làm: Đu đủ gọt vỏ, cắt làm đôi, sau đó cắt sợi, ngâm vào nước đá, để ráo, trộn với đường, để thấm rồi vắt bớt nước. Cà rốt cắt sợi. Tỏi, ớt bằm nhuyễn. ớt cắt sợi. Thịt gà luộc chín, vớt ra ngăm vào tô nước đá cho thịt săn lại, sau đó xé sợi. Rau răm, rau húng lủi cắt nhỏ. Đậu phộng giã nhỏ. Pha nước mắm trộn gỏi: trộn đều Giấm gạo lên men LISA với đường, nước mắm và tỏi, ớt băm. Trộn gỏi: cho đu, đủ, cà rốt, thịt gà, trộn với nước trộn gỏi. Sau đó cho thêm rau răm, rau húng lủi, lượng ớt, lượng đậu phộng vào tô, trộn đều với nước trộn gỏi còn lại..",10,0
6,1467,"Món: Súp tóc tiên bí đao.
Dinh dưỡng: 90 kcal, 12.2g đạm, 6.9g bột đường, 1.9g béo.
Đặc điểm: Giàu Vitamin A, Giàu Vitamin B12, Giàu Vitamin D, Giàu đạm, Hải sản, Món chính, Nhiều Cholesterol, Nhạt muối, Rau xanh, Ít calo, Ít chất béo bão hòa, Ít chất xơ, Ít tinh bột, Ít đường.
Nguyên liệu: Bí Đao, Bột Năng, Cá Viên, Hạt Nêm Ajingon Heo, Ngò Rí, Tiêu, Tôm, Trứng Gà.
Cách làm: Tôm bóc vỏ, cắt hạt lựu, ướp với hạt nêm và tiêu, để thấm. Tóc tiên ngâm mềm, cắt ngắn rửa qua nước pha gừng, để ráo. Bí đao gọt vỏ, bỏ ruột, cắt hạt lựu. Ngò rí cắt nhỏ. Trứng gà đánh tan. Hòa tan bột năng với nước. Đun sôi nước, cho bí đao vào nấu chín, nêm hạt nêm, thêm tôm, giảm lửa, cho bột năng vào từ từ đến khi súp sánh lại, đổ trứng vào khi nước đang sôi và tóc tiên vào, khuấy đều, tắt bếp..",1,2
6,239,"Món: Tôm viên đậu hủ xốt cà.
Dinh dưỡng: 211 kcal, 23.9g đạm, 9.1g bột đường, 9.2g béo.
Đặc điểm: Giàu Vitamin A, Giàu Vitamin B12, Giàu đạm, Hải sản, Món chính, Nhiều Cholesterol, Ít calo, Ít chất béo bão hòa, Ít chất xơ, Ít tinh bột, Ít đường.
Nguyên liệu: Bột Ngọt, Cà Chua, Dầu Ăn, Đậu Hũ Non, Đường, Giò Sống Gà, Hành Lá, Hành Tím, Hạt Nêm Ajingon Heo, Ngò Rí, Tôm Sú, Tương Cà.
Cách làm: Tôm sú bóc đầu & vỏ để riêng, thịt tôm băm nhỏ, trộn giò sống, ướp hạt nêm, bột ngọt, hành tím băm, hành lá cắt nhỏ, tiêu, bột năng, trộn đều, đập vài lần cho tôm dai. Vo thịt tôm thành các viên tròn đều. Đậu hũ non cắt miếng vừa ăn. Cà chua cắt hạt lựu. Nấu vỏ & đầu tôm với nước lấy nước dùng. Phi thơm hành tím, cho cà chua vào xào, thêm nước luộc tôm vào nấu, nêm hạt nêm, đường, tương cà, nấu khoảng phút, cho viên tôm vào nấu khoảng phút, tiếp tục cho đậu hũ vào nấu thêm phút đến khi sốt sánh, đảo đều, tắt lửa, cho hành lá và tiêu..",2,2
6,2145,"Món: Canh riêu cua.
Dinh dưỡng: 156 kcal, 20.0g đạm, 7.4g bột đường, 5.0g béo.
Đặc điểm: Giàu Kẽm, Giàu Vitamin A, Giàu Vitamin B12, Giàu đạm, Hải sản, Món chính, Nhiều Cholesterol, Ít calo, Ít chất béo bão hòa, Ít chất xơ, Ít tinh bột, Ít đường.
Nguyên liệu: Cà Chua, Cơm Mẻ, Cua, Dầu Ăn, Hành Lá, Hạt Nêm Ajingon Heo, Thì Là.
Cách làm: Cua cho vào nước lạnh, khuấy đều và lọc lấy nước cua, nêm hạt nêm, hòa tan. Cà chua băm múi mỏng. Thì là, hành lá cắt khúc Đầu hành lá băm nhỏ. Cơm mẻ lọc lấy khoảng. Phi thơm đầu hành trắng với dầu ăn, cho cà chua vào xào chín sau đó thêm gạch cua vào xào. Nấu nước cua cho sôi, cho cà chua đã xào vào, nêm hạt nêm, nước mẻ, cho tiếp thì là, hành lá rồi tắt bếp..",3,3
6,1265,"Món: Gỏi sò lông.
Dinh dưỡng: 300 kcal, 38.2g đạm, 18.5g bột đường, 7.6g béo.
Đặc điểm: Giàu Sắt, Giàu Vitamin A, Giàu Vitamin B12, Giàu Vitamin K, Giàu đạm, Hải sản, Món chính, Nhiều Cholesterol, Rau xanh, Ít calo, Ít chất béo bão hòa, Ít chất xơ, Ít tinh bột, Ít đường.
Nguyên liệu: Bột Ngọt, Cà Chua, Cà Rốt, Dầu Ăn, Đường, Giấm Gạo, Hành, Hành Tây, Hành Tím, Hạt Nêm Ajingon Heo, Mì Ý, Muối, Nước Mắm, Nước Tắc, Ớt Sừng, Rau Húng Quế, Rau Muống, Sả, Sò Lông, Tiêu.
Cách làm: Sò lông ngâm nước vo gạo, ớt sả đập dập, khoảng Đun sôi nước cho sò lông vào chần cho sò há miệng ra là được. Sau đó lấy thịt sò ra để riêng. Phi thơm sả băm và hành tỏi băm, cho sò lông vào xào sơ, nêm tiêu, hạt nêm, nếm vị vừa ăn, tắt lửa. Pha nước mắm trộn gỏi: nước mắm, bột ngọt, đường, nước cốt tắc, Giấm gạo lên men LISA, cho tỏi ớt băm vào khuấy đều..",4,2
6,1196,"Món: Canh cua rau nhút.
Dinh dưỡng: 198 kcal, 25.5g đạm, 14.7g bột đường, 3.9g béo.
Đặc điểm: Giàu Vitamin A, Giàu Vitamin B12, Giàu Vitamin K, Giàu đạm, Hải sản, Món chính, Nhiều Cholesterol, Rau xanh, Ít calo, Ít chất béo bão hòa, Ít chất xơ, Ít tinh bột, Ít đường.
Nguyên liệu: Bột Ngọt, Cua Đồng, Dầu Ăn, Đường, Hành Tím, Hạt Nêm Ajingon Heo, Khoai Sọ, Nước Mắm, Rau Muống, Rau Nhút, Tiêu.
Cách làm: Cua đồng tách mai, lấy gạch để riêng. Giã thân cua, hòa với nước và lọc lấy nước cua. Phần gạch cua ướp với tiêu và hạt nêm. Khoai sọ cắt đôi. Rau muống, rau nhút cắt khúc. Đặt nồi lên bếp, cho dầu vào phi thơm hành tím, cho gạch cua vào đảo đều rồi đổ nước cua vào, nêm hạt nêm, đường, bột ngọt. Đun sôi cho váng cua nổi lên. Vớt váng cua ra. Tiếp tục cho khoai sọ vào nấu chín mềm. Cho rau muống, rau nhút vào và nêm thêm nước mắm. Chờ canh sôi trở lại, tắt lửa..",5,3
6,1690,"Món: Ếch xào bông hẹ sa tế.
Dinh dưỡng: 124 kcal, 15.4g đạm, 6.9g bột đường, 4.1g béo.
Đặc điểm: Giàu Vitamin A, Giàu Vitamin K, Giàu đạm, Món chính, Nhiều Cholesterol, Rau xanh, Thịt, Thịt đỏ, Ít calo, Ít chất béo bão hòa, Ít chất xơ, Ít tinh bột, Ít đường.
Nguyên liệu: Bông Hẹ, Bột Ngọt, Đậu Phộng, Giấm Gạo, Hành, Hành Tây, Muối Tôm, Ớt Sừng, Rau Ngò Om, Thịt Ếch.
Cách làm: Cắt đùi ếch làm đôi, ướp đùi ếch với hành tỏi băm, tiêu, muối, đường, bột ngọt, sa tế và Giấm gạo lên men LISA, để thấm khoảng phút. Hành tây cắt múi cau. Bông hẹ cắt khúc Rau om, ngò gai cắt khúc ngắn. Phi thơm hành tỏi băm, cho thịt ếch xào với lửa to, xốc đều, thêm nước, sa tế, ếch vừa chín cho hành tây, bông hành, ớt sợi trộn đều đến khi vừa chín, tắt lửa..",6,2
6,1957,"Món: Canh chua cá lóc.
Dinh dưỡng: 313 kcal, 44.3g đạm, 17.6g bột đường, 6.9g béo.
Đặc điểm: Giàu Vitamin A, Giàu Vitamin B12, Giàu đạm, Hải sản, Món chính, Nhiều Cholesterol, Ít calo, Ít chất béo bão hòa, Ít chất xơ, Ít tinh bột, Ít đường.
Nguyên liệu: Bạc Hà, Bột Ngọt, Cà Chua, Cá Lóc, Chân Giò, Đậu Bắp, Mẻ, Nước Mắm, Nước Thơm, Rau Ngò Om, Tỏi.
Cách làm: Cá lóc rửa sạch, ướp với muối, bột ngọt, ớt bằm, để thơm. Đậu bắp, bạc hà tước bỏ xơ, rửa sạch, cắt xéo. Cà chua cắt múi cau. Thơm, ớt cắt lát. Rau om, ngò gai rửa sạch, cắt nhỏ. Me dằm lấy nửa chén nước me. Ướp thơm với muối và đường. Xóc sơ cá với dầu và gia vị. Phi thơm tỏi và sả bằm, xào sơ cá cho săn, trút ra dĩa. Đun sôi lít nước với nước me, cho cá vào nấu chín, hớt bỏ bọt. Sau đó thêm đậu bắp, thơm, cà chua, giá. Tắt lửa, cho bạc hà vào, nêm đường trước, nêm muối, nước mắm..",7,2
6,2090,"Món: Tôm càng xốt nước tương.
Dinh dưỡng: 381 kcal, 59.4g đạm, 15.2g bột đường, 8.2g béo.
Đặc điểm: Giàu Vitamin B12, Giàu đạm, Hải sản, Món chính, Nhiều Cholesterol, Ít calo, Ít chất béo bão hòa, Ít chất xơ, Ít tinh bột, Ít đường.
Nguyên liệu: Bột Năng, Dầu Điều, Đường, Gừng, Giấm Gạo, Hành Lá, Hành Tây, Hạt Nêm Ajingon Heo, Muối, Nước, Nước Tương Phú Sĩ, Ớt, Ớt Sừng, Tỏi, Tôm Càng, Tương Đen, Tương Ớt, Trứng Gà.
Cách làm: Tôm càng cắt bỏ chân, càng, đuôi, phần đầu chẻ dọc sống lưng ướp một ít hạt nêm và bột năng trong phút. Chiên sơ tôm qua dầu ở nhiệt độ cao. Ớt sừng cắt hình thoi cạnh. Hành tây cắt múi cau. Hành lá cắt khúc Gừng đập dập. Trứng gà đánh tan. Pha hỗn hợp xốt tương gồm: tương đen, tương ớt, đường, hạt nêm, nước dùng, nước tương “Phú Sĩ”, Giấm gạo lên men LISA,. Phi thơm gừng tỏi với dầu điều, cho tôm vào nấu vừa chín, cho hỗn hợp xốt tương vào đun sôi. Cho ớt sừng, ớt băm, hành tây, và sau cùng cho trứng gà, hành lá vào đảo đều..",8,1
6,1656,"Món: Cua nấm xào măng tây.
Dinh dưỡng: 263 kcal, 39.4g đạm, 11.7g bột đường, 6.2g béo.
Đặc điểm: Giàu Kẽm, Giàu Vitamin A, Giàu Vitamin B12, Giàu đạm, Hải sản, Món chính, Nhiều Cholesterol, Rau xanh, Ít calo, Ít chất béo bão hòa, Ít chất xơ, Ít tinh bột, Ít đường.
Nguyên liệu: Dầu Hào, Dầu Mè, Đường, Giấm Gạo, Hành, Hành Tây, Hạt Nêm Ajingon Heo, Măng Tây, Muối, Nấm Bào Ngư, Ngò Rí, Ớt Chuông Đỏ, Tiêu, Thịt Cua.
Cách làm: Thịt cua chần nhanh qua nước sôi có gừng, rượu. Măng tây gọt sạch, cắt khúc Nấm bào ngư xé ngang Ớt chuông, hành tây cắt sợi. Phi thơm hành tỏi băm, cho cua vào xốc nhẹ, tắt lửa ngay, nêm tiêu và hạt nêm, trút ra dĩa. Tiếp tục phi thơm hành tỏi, xào măng với lửa to, thêm nước, cho nấm vào xào, nêm hạt nêm, đường, dầu hào. Tiếp tục cho ớt chuông, hành tây và cua vào trộn đều, tắt lửa. Thêm dầu mè, Giấm gạo lên men LISA..",9,3
6,1559,"Món: Canh cá rau đay.
Dinh dưỡng: 257 kcal, 40.5g đạm, 7.4g bột đường, 7.2g béo.
Đặc điểm: Giàu Vitamin A, Giàu Vitamin B12, Giàu đạm, Hải sản, Món chính, Nhiều Cholesterol, Rau xanh, Ít calo, Ít chất béo bão hòa, Ít chất xơ, Ít tinh bột, Ít đường.
Nguyên liệu: Cá Rô, Hành Tím, Hạt Nêm Ajingon Heo, Mướp Hương, Nước Mắm, Rau Đay, Tiêu.
Cách làm: Cá rô làm sạch, khứa dọc bên sống lưng, ướp với hạt nêm, nước mắm và tiêu, để thấm. Rau đay lặt rửa sạch, cắt nhỏ. Mướp hương gọt vỏ, cắt xéo. Hành tím băm nhỏ. Phi thơm hành tím, cho cá vào xào sơ rồi cho vào nồi có nước sôi, luộc chín, vớt ra, rỉa lấy thịt cá. Nêm vào nồi canh hạt nêm, cho rau đay vào nấu chín, cuối cùng cho mướp hương vào đảo nhẹ rồi tắt bếp..",10,3
7,163,"Món: Ốc xào khế.
Dinh dưỡng: 354 kcal, 14.2g đạm, 54.2g bột đường, 8.5g béo.
Đặc điểm: Hải sản, Món chính, Nhiều tinh bột, Ít chất béo bão hòa, Ít chất xơ, Ít đường.
Nguyên liệu: Bột Ngọt, Cơm, Dầu Ăn, Đường, Giấm Gạo, Hành Lá, Hành Tím, Khế, Lá Tía Tô, Muối, Nước Mắm, Nghệ Tươi, Ốc Bươu, Ớt Hiểm, Ớt Sừng, Tỏi.
Cách làm: Ốc sơ chế sạch với nước pha giấm, để ráo, ướp với hành băm và tỏi băm, nước nghệ, Giấm gạo lên men, muối, bột ngọt và nước để thấm phút. Khế bỏ rìa, cắt ngang dầy Hành lá cắt khúc đầu hành chẻ dọc, tía tô cắt sợi Khế xốc với đường, ép ráo nước. Phi thơm hành tím băm và đầu hành lá, cho ốc vào xào sơ với lửa lớn rồi trút ra để riêng. Tiếp tục xào khế, cho ốc vào trở lại, nêm nước mắm, nước thêm hành lá, ớt băm và ớt sợi vào trộn đều, tắt lửa..",1,1
7,1217,"Món: Mì Soba xào bạch tuộc.
Dinh dưỡng: 176 kcal, 12.7g đạm, 14.6g bột đường, 8.2g béo.
Đặc điểm: Giàu Vitamin A, Giàu Vitamin B12, Giàu Vitamin C, Giàu Vitamin K, Hải sản, Món chính, Nhiều Cholesterol, Rau xanh, Ít chất béo bão hòa, Ít chất xơ, Ít tinh bột, Ít đường.
Nguyên liệu: Bạch Tuộc, Bông Cải Xanh, Bột Ngọt, Cà Chua Bi, Cồi Sò Điệp, Dầu Ăn, Gừng, Hạt Nêm Ajingon Heo, Mì Soba, Ớt, Ớt Bột, Rau Húng Quế, Tiêu, Tỏi.
Cách làm: Đun sôi nước, cho mì soba vào, khuấy nhẹ, khi nước bắt đầu sôi lại, vớt mì ra, xả nước lạnh, để ráo. Trộn mì somen với ớt sa tế. Còi điệp chần sơ qua nước sôi có chút gừng đập dập. Bông cải xanh chần sơ với ít muối. Cà chua bi cắt khoanh tròn. Rau húng quế cắt Bạch tuộc cắt miếng vừa ăn ướp hạt nêm, bột ngọt, tỏi băm, gừng băm, rượu trắng, để thấm. Phi thơm tỏi ớt băm, cho bạch tuộc vào xào săn, rồi cho tiếp cồi điệp, bông cải xanh vào, nêm hạt nêm, đảo đều rồi cho cà chua bi vào, nếm vị vừa ăn. Cuối cùng cho mì somen vào trộn đều với húng quế, tắt lửa..",2,1
7,300,"Món: Hàu chén nướng sốt tiêu xanh.
Dinh dưỡng: 188 kcal, 13.0g đạm, 11.6g bột đường, 10.5g béo.
Đặc điểm: Giàu Kẽm, Giàu Vitamin B12, Hải sản, Món chính, Nhiều Cholesterol, Nhạt muối, Ít calo, Ít chất béo bão hòa, Ít chất xơ, Ít tinh bột, Ít đường, Ít đạm.
Nguyên liệu: Bột Ngọt, Dầu Điều, Dầu Hào, Đường, Gừng, Hành Lá, Hành Tím, Hàu Sữa, Nước, Tiêu, Tiêu Xanh, Tỏi, Trứng Cút.
Cách làm: Hàu sữa rửa sạch dăm vỏ hàu. Làm sốt nướng: cho dầu màu điều vào nồi nhỏ sau đó cho hết lượng hành tím và tỏi xay phi thơm tiếp theo cho gừng băm vào cùng với tiêu xanh vào xào thơm cùng với gia vị dầu hào, tiêu xay cùng Bột ngọt sau đó đun sôi với nước. Nướng hào: chia đều hào vào đựng sốt sau đó cho sốt tiêu xanh vào và trên cùng là trứng cút và rắc thêm hành lá lên trên. Nướng hào bằng lò chiên không dầu ở nhiệt độ độ khi lò nóng cho hào chén vào nướng với thời gian phút..",3,1
7,1016,"Món: Gỏi bạch tuộc ớt chuông.
Dinh dưỡng: 144 kcal, 14.2g đạm, 13.7g bột đường, 3.6g béo.
Đặc điểm: Giàu Vitamin B12, Giàu Vitamin C, Hải sản, Món chính, Nhiều Cholesterol, Rau xanh, Ít calo, Ít chất béo bão hòa, Ít chất xơ, Ít tinh bột, Ít đường.
Nguyên liệu: Bạch Tuộc, Bột Ngọt, Dâu, Đường, Gừng, Giấm Gạo, Hành Tây, Hạt Nêm Ajingon Heo, Mè Trắng, Nước Tương Phú Sĩ, Ớt Chuông, Ớt Chuông Đỏ, Ớt Chuông Xanh, Ớt Sừng, Tỏi.
Cách làm: Luộc bạch tuộc: cho nước vào nồi, thêm giấm gạo lên men của và gừng đập dập vào, nấu sôi. Sau đó cho bạch tuộc vào luộc chín rồi xả qua nước lạnh, để ráo. Hành tây, ớt chuông cắt mỏng ly, ngâm phút trong nước đá lạnh, vớt ra để ráo. Xào bạch tuộc: phi thơm tỏi, cho bạch tuộc vào xào, nêm hạt nêm, xào săn bạch tuộc, để nguội. Nấu xốt salad: cho vào nồi nhỏ gồm bột ngọt với đường, nước tương “Phú Sĩ”, nhỏ giấm gạo lên men của, nhỏ nước ), đun sôi phút, khuấy cho tan hết gia vị, để nguội..",4,3
7,1199,"Món: Mực nhồi gạo lức rim.
Dinh dưỡng: 181 kcal, 19.0g đạm, 21.3g bột đường, 2.0g béo.
Đặc điểm: Giàu Vitamin B12, Hải sản, Món chính, Nhiều Cholesterol, Ít calo, Ít chất béo bão hòa, Ít chất xơ, Ít tinh bột, Ít đường.
Nguyên liệu: Bắp Mỹ, Bột Ngọt, Đậu Hà Lan, Gạo, Gạo Nếp, Gừng, Hành Lá, Hành Tím, Hạt Nêm Ajingon Heo, Mực Ống, Nước Tương Phú Sĩ.
Cách làm: Trộn chung gạo lức với nếp, vo sạch, ngâm nước khoảng tiếng. Cho vào nồi nấu chín. Mực ống làm sạch. Râu mực cắt hạt lựu nhỏ. Đậu Hà Lan, bắp Mỹ, hành lá cắt nhỏ. Xào nhân: Phi thơm gừng cắt sợi và hành tím băm, cho râu mực, đậu Hà Lan, bắp Mỹ vào xào chín tới, nêm hạt nêm, bột ngọt, nước tương “Phú Sĩ”, dầu mè, ít tiêu, cuối cùng cho cơm gạo lức vào đảo đều, tắt lửa, để nguội. Sốt rim: Hòa tan hỗn hợp bột ngọt, đường, rượu, nước tương “Phú Sĩ”, nước. Nhồi nhân vào mực, dùng tăm ghim đầu vào. Cho mực vào áp chảo cho xém mặt rồi cho sốt kho vào nấu sôi, giảm lửa vừa, rim đến khi nước cạn bớt, hơi sệt lại, tắt lửa, cho hành lá vào..",5,2
7,375,"Món: Bao tử khìa nước sá xị.
Dinh dưỡng: 383 kcal, 40.3g đạm, 43.2g bột đường, 5.9g béo.
Đặc điểm: Giàu Vitamin A, Giàu Vitamin B12, Giàu đạm, Món chính, Nhiều Cholesterol, Thịt, Thịt đỏ, Ít calo, Ít chất béo bão hòa, Ít chất xơ, Ít tinh bột.
Nguyên liệu: Bánh Mì, Bao Tử Heo, Bột Ngọt, Bột Ngũ Vị Hương, Hành Lá, Hành Tím, Nước Sá Xị, Nước Tương Phú Sĩ, Sả Cây, Tỏi.
Cách làm: Sơ chế bao tử bằng cách ngâm bao tử vào nước muối, dùng phèn chua xát vào mặt ngoài của bao tử, sau đó rửa sạch lại, lau ráo nước. Cắt bao tử làm miếng. Sả đập giập cắt khúc cm. Hành lá cắt đoạn đầu hành dài cm, phần lá cắt nhỏ làm đầu hành. Ướp bao tử: nước hành tỏi + ngũ vị hương + dầu điều + dầu hào + Nước tương “Phú Sĩ” + Bột ngọt + muối. Để phút. Khìa: Đun dầu trong chảo cho nóng, cho sả cắt khúc vào phi thơm, cho bao tử vào áp chảo (chừa nước ướp lại), áp chảo cho mặt thịt săn lại. Tiếp theo cho xác hành tỏi vào cho thơm. Thêm nước ướp thịt rồi đổ nước sá xị, thêm nước cho sâm sấp mặt thịt, đậy vung om chín với lửa vừa. Khi thịt mềm, nước xốt sánh, có tiếng mỡ reo thì tắt lửa, gắp bỏ phần sả cắt khúc, cho cái đầu hành vào trộn đều với thịt. Gắp thịt ra, để nguội cắt vát (nghiêng dao) để miếng thịt to bảng..",6,0
7,606,"Món: Bầu xào nghêu.
Dinh dưỡng: 224 kcal, 19.5g đạm, 18.0g bột đường, 8.5g béo.
Đặc điểm: Giàu Sắt, Giàu Vitamin A, Giàu Vitamin B12, Hải sản, Món chính, Nhiều Cholesterol, Rau xanh, Ít calo, Ít chất béo bão hòa, Ít chất xơ, Ít tinh bột, Ít đường.
Nguyên liệu: Bầu Sao, Bột Ngọt, Dầu Ăn, Hành Lá, Hành Tây Tím, Hạt Nêm Ajingon Heo, Nước Thơm, Ớt Sừng, Quế, Rau Ngò Om, Tiêu, Tỏi, Tôm Khô, Thịt Nghêu.
Cách làm: Bầu bỏ ruột, cắt xéo. Tôm khô ngâm mềm. Nghêu sau khi ngâm với ớt, luộc với ít nước và dầu ăn, đợi nghêu vừa há miệng vớt ra gỡ lấy thịt. Lấy nước luộc nghêu. Thơm cắt lát. Hành tây tím cắt lát. Hành lá, ngò rí cắt khúc. Lá quế nhặt lá, cắt rối. Ớt sừng cắt sợi. Phi thơm tỏi băm, xào tôm khô và bầu, nêm Hạt nêm Heo, tiêu, Bột ngọt và nước luộc nghêu, thêm hành tím, lá quế, hành ngò vào đảo đều, cuối cùng trút nghêu vào, tắt lửa..",7,2
7,989,"Món: Bạch tuộc xào rượu gừng.
Dinh dưỡng: 228 kcal, 20.7g đạm, 12.5g bột đường, 8.6g béo.
Đặc điểm: Giàu Sắt, Giàu Vitamin A, Giàu Vitamin B12, Giàu đạm, Hải sản, Món chính, Nhiều Cholesterol, Ít chất béo bão hòa, Ít chất xơ, Ít tinh bột, Ít đường.
Nguyên liệu: Bạch Tuộc, Dầu Ăn, Đường, Gừng, Giấm Gạo, Hành Lá, Hạt Nêm Ajingon Heo, Nước Tương Phú Sĩ, Ngò Rí, Ớt Sừng, Riềng, Rượu Trắng, Tiêu.
Cách làm: Hành lá cắt khúc Riềng, gừng & ớt sừng cắt sợi. Gừng sợi ngâm với rượu trắng trong phút. Bạch tuộc chần qua nước sôi có chút giấm gạo rồi cắt miếng vừa ăn, ướp với hạt nêm, đường, tiêu, rượu trắng ngâm gừng, giấm gạo lên men của và nước tương “Phú Sĩ”. Xào thơm riềng và gừng cắt sợi với dầu ăn, cho bạch tuộc vào xào lửa lớn đến khi vừa chín, thêm hành lá, ớt cắt sợi vào đảo đều, tắt lửa..",8,1
7,2079,"Món: Bạch tuộc xào rau muống.
Dinh dưỡng: 181 kcal, 13.8g đạm, 14.2g bột đường, 7.1g béo.
Đặc điểm: Giàu Vitamin A, Giàu Vitamin B12, Giàu Vitamin C, Giàu Vitamin K, Hải sản, Món chính, Nhiều Cholesterol, Rau xanh, Ít calo, Ít chất béo bão hòa, Ít chất xơ, Ít tinh bột, Ít đường.
Nguyên liệu: Bạch Tuộc, Dầu Ăn, Dầu Điều, Dầu Hào, Đường, Gừng, Giấm Gạo, Hành, Hạt Nêm Ajingon Heo, Ớt Hiểm, Rau Muống, Rượu Trắng, Tiêu.
Cách làm: Bạch tuộc bỏ mắt, sơ chế sạch, ướp gừng băm, hành tỏi băm, ớt hiểm đập dập, Giấm gạo lên men LISA, rượu trắng, dầu hào, dầu điều, hạt nêm, để thấm. Rau muống lặt sạch, cắt khúc Pha xốt: trộn đều Giấm gạo lên men LISA, rượu trắng, đường, dầu hào. Phi thơm hành tỏi băm với dầu ăn, xào săn bạch tuộc, nêm lượng xốt, trút ra dĩa. Tiếp tục xào rau muống với dầu ăn và hành tỏi băm, nêm lượng xốt còn lại, chờ phút cho rau muống thấm gia vị, cho bạch tuộc vào đảo đều, tắt bếp..",9,2
7,278,"Món: Ba rọi rim cháy cạnh.
Dinh dưỡng: 576 kcal, 46.0g đạm, 64.8g bột đường, 12.1g béo.
Đặc điểm: Giàu đạm, Món chính, Nhiều Cholesterol, Nhiều tinh bột, Thịt, Thịt đỏ, Ít chất béo bão hòa, Ít chất xơ, Ít đường.
Nguyên liệu: Bột Ngọt, Cơm Trắng, Dầu Ăn, Dưa Leo, Đường, Hành Lá, Hành Tây, Hành Tím, Nước Mắm, Ớt Sừng, Rượu Trắng, Tỏi, Thịt Gà.
Cách làm: Xát ít muối, rượu trắng vào miếng thịt để phút sau đó rửa sạch để ráo. Luộc thịt nhanh qua nước sôi, xả nước làm lạnh, cắt thanh cỡ ngón tay. Ớt sừng, hành lá cắt khúc xéo, hành tây cắt múi cau. Dùng nồi đất hoặc gang. Chiên cháy cạnh thịt với ít dầu. Thêm đường thắng vàng, thêm hành tím, tỏi xào thơm. Thêm nước mắm đảo nhanh dậy mùi, thêm nước, Bột ngọt rim đến khi thịt mềm thấm vị. Sau cùng cho ớt sừng, hành lá vào đảo đều..",10,0
8,1574,"Món: Mì xào giòn chay.
Dinh dưỡng: 349 kcal, 12.5g đạm, 43.2g bột đường, 14.9g béo.
Đặc điểm: Giàu Vitamin A, Món chính, Rau xanh, Ít Cholesterol, Ít chất béo bão hòa, Ít tinh bột, Ít đường.
Nguyên liệu: Bột Năng, Bột Ngọt, Cà Chua, Cà Rốt, Cần Tây, Chả Lụa Chay, Dầu Ăn, Dầu Mè, Đường, Giấm Gạo, Hành, Kim Chi Cải Thảo, Mì Ý, Muối, Nấm Đông Cô, Nấm Kim Châm, Nấm Mèo, Nấm Rơm, Nước Dừa, Nước Tương Phú Sĩ, Ngò Rí, Ớt, Tàu Hũ Ky, Tiêu, Thịt Nguội.
Cách làm: Các loại rau củ rửa sạch. Hành boaro cắt lát xéo. Nấm rơm cắt đôi. Nấm kim châm cắt khúc. Cà rốt cắt sợi. Cải thảo cắt khúc xéo. Cà chua bỏ hạt, cắt sợi. Nấm đông cô, nấm mèo ngâm nở, cắt sợi. Thịt nguội chay, chả chay cắt sợi. Đậu hũ cắt lát mỏng, chiên vàng, cắt sợi. Hòa tan bột năng với nước. Ngò rí cắt nhỏ, ớt cắt lát. Trộn hỗn hợp gia vị: trộn nước tương Phú Sĩ với bột ngọt, nước dừa tươi. Phi thơm hành boaro, cho cà rốt, cải thảo, cần tây, nấm kim châm, nấm rơm, nấm đông cô, nấm mèo, cho hỗn hợp gia vị, Giấm gạo lên men LISA vào xào đến khi rau củ chín, thêm cà chua, dầu mè, bột năng pha loãng, thịt nguội, chả và đậu hũ vào, thêm tiêu tắt bếp..",1,1
8,1232,"Món: Mì cay chay.
Dinh dưỡng: 461 kcal, 18.8g đạm, 53.5g bột đường, 20.2g béo.
Đặc điểm: Giàu Vitamin A, Món chính, Rau xanh, Ít Cholesterol, Ít calo, Ít chất béo bão hòa, Ít chất xơ, Ít tinh bột, Ít đường.
Nguyên liệu: Bột Ngọt, Cá Viên, Dầu Ăn, Đường, Hành, Hạt Nêm Ajingon Nấm, Lá Hẹ, Lê, Mẻ, Mì Udon, Muối, Nấm Kim Châm, Nước, Nước Mắm, Ngò Gai, Ớt Bột, Ớt Hiểm, Rau Húng Quế, Rau Tần Ô, Thịt Bò Chay.
Cách làm: Thịt bò chay ngâm nước ấm, vắt ráo. Cá viên chay cắt đôi, nêm hạt nêm hạt sen và nấm hương. Nấm kim châm cắt đôi. Hẹ lá cắt khúc Rau tần ô cắt khúc. Rau quế, ngò gai cắt nhỏ. Me cho vào nước sôi để lấy nước cốt me. Đun nóng dầu ăn, cho boa-rô vào phi thơm, rồi thêm ớt bột và ớt hiểm băm vào xào, sau đó trút thịt bò chay và cá viên vào xào thơm. Cho nước dùng chay vào nồi, nêm muối, bột ngọt, hạt nêm từ hạt sen và nấm hương, ớt bột Hàn Quốc, đường phèn, nước mắm chay, nước me, khuấy đều cho tan gia vị, nếm vị vừa ăn, tắt lửa..",2,0
8,1030,"Món: Salad ngũ sắc chay.
Dinh dưỡng: 577 kcal, 3.1g đạm, 10.7g bột đường, 58.1g béo.
Đặc điểm: Giàu Vitamin A, Giàu Vitamin C, Giàu chất béo không bão hòa đơn, Nhiều Cholesterol, Nhiều chất béo bão hòa, Rau xanh, Ít chất xơ, Ít tinh bột, Ít đường, Ít đạm.
Nguyên liệu: Bột Ngọt, Cà Rốt, Cần Tây, Chả Chay, Dầu Ăn, Dầu Hào, Đường, Hành, Mì Ý, Mỡ, Nước Tương Phú Sĩ, Ớt Chuông, Ớt Chuông Đỏ, Tiêu.
Cách làm: Xà lách mỡ rửa sạch, cắt dọc làm đôi, bỏ cuống, lấy ra khoảng lá xà lách để bày món ăn. Cà rốt, cần tây, chả chay, ớt chuông đỏ, vàng cắt hạt lựu nhỏ. Phi thơm hành boaro với dầu ăn, cho cà rốt, ớt chuông đỏ, vàng, cần tây, chả chay vào đảo nhanh tay, nêm nước tương “Phú Sĩ”, dầu hào chay, bột ngọt, đường. mở lửa nhỏ, xào vừa chín. Tắt lửa để nguội..",3,0
8,1220,"Món: Mì Spaghetti xốt chay.
Dinh dưỡng: 293 kcal, 15.1g đạm, 26.4g bột đường, 15.2g béo.
Đặc điểm: Các loại hạt, Giàu Vitamin A, Món chính, Rau xanh, Ít Cholesterol, Ít chất xơ, Ít tinh bột, Ít đường.
Nguyên liệu: Cà Chua, Cà Rốt, Cần Tây, Dầu Ăn, Hạt Điều, Hạt Nêm Ajingon Nấm, Mì Spaghetti, Nấm Rơm, Nước Tương Phú Sĩ, Oregano, Sườn, Váng Đậu.
Cách làm: Sơ chế: Ngâm đậu hũ, sườn chay nở ra cho mềm rồi vắt ráo nước. Sau đó, thả đậu hũ và sườn chay vào dầu nóng chiên giòn Luộc mì theo hướng dẫn bao bì, vớt ra, để ráo, thêm dầu vào mì, xóc đều. Giữ lại nước luộc mì. Nấm rơm cắt nhỏ hạt lựu. Lá quế tây cắt nhỏ. Làm xốt: Phi thơm dầu với boa-rô băm, cho cà rốt vào xào sơ, rồi thêm cà chua và cà paste xào chung, nêm hạt nêm từ nấm hương và hạt sen, đường, nước tương “Phú Sĩ”, bơ tươi, thêm nước luộc mì vào, nấu khoảng phút, cho cần tây, nấm rơm và lá oregano khô vào nấu chín, nước xốt hơi sánh lại. Cuối cùng cho đậu hũ vào trộn đều. Làm nóng chảo với ít dầu và boarô, cho mì đã luộc vào, trộn với chút hạt nêm, tắt lửa. Trộn thêm hạt điều xay vào..",4,1
8,737,"Món: Mì căn xào bắp non.
Dinh dưỡng: 289 kcal, 23.5g đạm, 26.2g bột đường, 11.1g béo.
Đặc điểm: Giàu Vitamin A, Món chính, Rau xanh, Ít Cholesterol, Ít chất béo bão hòa, Ít tinh bột.
Nguyên liệu: Bắp Non, Bột Bắp, Cà, Cà Rốt, Dầu Ăn, Dầu Hào, Dầu Mè, Đậu Hà Lan, Đường, Giấm Gạo, Hạt Nêm Ajingon Nấm, Mè Trắng, Mì Căn, Nấm Đông Cô, Nước Tương Phú Sĩ, Ngò Rí, Ớt Sừng, Tiêu.
Cách làm: Chiên mì căn: Mì căn xé miếng, chiên hơi vàng và giòn, để ráo dầu. Luộc rau củ: Đun sôi nước, nêm Hạt nêm (Nấm hương & Hạt sen), lần lượt cho bắp non, đậu Hà lan, cà rốt, nấm đông cô vào luộc vừa chín, vớt ra. Pha hỗn hợp gia vị xào: Hạt nêm (Nấm hương & Hạt sen), đường, dầu hào chay, Nước tương “Phú Sĩ”, Giấm gạo lên men LISA, khuấy tan đều. Phi thơm hành boaro với dầu ăn, cho tất cả rau củ xào, nêm hỗn hợp gia vị, xào cho rau củ thấm vị và chín tới, thêm mì căn và ớt sừng vào, rưới hết phần gia vị còn lại vào đảo đều, thêm bột bắp pha với nước. Cuối cùng cho lá boaro và dầu mè vào xóc đều rồi tắt lửa..",5,1
8,530,"Món: Nui xào chay thập cẩm.
Dinh dưỡng: 242 kcal, 14.5g đạm, 22.6g bột đường, 11.6g béo.
Đặc điểm: Giàu Vitamin A, Món chính, Rau xanh, Ít Cholesterol, Ít calo, Ít chất béo bão hòa, Ít chất xơ, Ít tinh bột, Ít đường.
Nguyên liệu: Bột Ngọt, Cà Chua, Cần Tây, Dầu Ăn, Dầu Mè, Đậu Hũ, Đường, Hành, Hạt Nêm Ajingon Nấm, Mì Căn, Muối, Nấm Đông Cô, Nui, Nước Tương Phú Sĩ, Ngò Rí, Ớt Chuông Xanh, Tiêu, Tương Cà, Tương Ớt.
Cách làm: Đậu hũ cắt sợi, ướp hạt nêm Nấm Hương & Hạt Sen, để thấm, chiên giòn. Mì căn cắt bản dọc rồi cắt xéo, chiên sơ. Cần tây lấy cọng, cắt xéo. Ớt chuông cắt hình thoi. Cà chua, bỏ hạt, cắt hình thoi. Nấm đông cô cắt mỏng. Hành boaro cắt xéo mỏng. Ngò rí cắt nhỏ. Đun sôi nước, nêm vào muối, cho nui vào luộc khoảng phút đến khi nui chín vừa mềm, vớt ra xả nước lạnh cho nguội rồi để ráo. Phi hành boaro với dầu ăn. Gia vị xào nui: Khuấy tan Nước tương “Phú Sĩ” với Hạt nêm Nấm, đường, Bột ngọt, tương cà, tương cà ketchup, dầu boaro phi và tương ớt. Làm nóng dầu ăn, xào săn mì căn, nấm, cà chua và đậu hũ chiên, tiếp tục cho cần tây và nui vào đảo đều, cho hỗn hợp gia vị vào xóc đều, cuối cùng thêm ớt chuông vào xào vừa chín thì tắt lửa. Thêm dầu mè..",6,1
8,1705,"Món: Mì căn kho tiêu xanh.
Dinh dưỡng: 252 kcal, 23.1g đạm, 15.5g bột đường, 11.7g béo.
Đặc điểm: Món chính, Ít Cholesterol, Ít calo, Ít chất béo bão hòa, Ít chất xơ, Ít tinh bột, Ít đường.
Nguyên liệu: Dầu Ăn, Dầu Điều, Đường, Gừng, Hạt Nêm Ajingon Nấm, Mì Căn, Muối, Nấm Rơm, Nước Dừa, Nước Tương Phú Sĩ, Nước Thơm, Ớt Sừng, Sả, Tiêu Xanh, Tương Ớt.
Cách làm: Mì căn cắt lát xéo dày ướp muối, hạt nêm từ nấm hương và hạt sen, nước tương “Phú Sĩ”, để phút cho thấm gia vị. Tiêu xanh đập dập. Nấm rơm khía chữ thập trên đầu. Thơm cắt lát. Gừng và ớt sừng cắt hình thoi. Xào mì căn với dầu cho se mặt, cho poa-rô, sả và tiêu xanh vào xào thơm, cho tiếp nấm rơm vào xào, thêm tương ớt, dầu điều và nước dừa vào nấu sôi. Cho thơm, gừng, ớt vào kho lửa liu riu, nêm hạt nêm từ nấm hương và hạt sen, nước tương “Phú Sĩ”, kho đến khi các nguyên liệu chín và thấm vị, nước kho sánh lại, tắt lửa..",7,1
8,791,"Món: Salad xanh.
Dinh dưỡng: 468 kcal, 24.5g đạm, 20.2g bột đường, 32.6g béo.
Đặc điểm: Các loại hạt, Giàu Vitamin A, Giàu Vitamin D, Giàu Vitamin K, Giàu đạm, Nhiều Cholesterol, Nhiều muối, Rau xanh, Thịt, Trứng, Ít tinh bột, Ít đường.
Nguyên liệu: Bacon, Bông Cải Xanh, Bơ, Đậu Nành Nhật, Đường, Hành Tây, Hạt Chia, Lá Húng, Măng Tây, Muối, Nước Chanh, Sandwich, Sốt Mayonnaise, Sữa Tươi, Tiêu, Trứng Gà.
Cách làm: Bacon cắt miếng cho vào chảo rang vàng. Hành tây lượng cắt sợi, ngâm đá, lượng còn lại cắt nhỏ. Bông cải xanh tách miếng vừa ăn. Măng tây bào xơ, cắt miếng xéo dài Đậu nành Nhật rửa sạch. Húng lủi rửa sạch, cắt nhỏ. Làm Crouton sandwich: cắt nhỏ vuông rồi cho vào chảo rang vàng giòn. Luộc rau: đun sôi nước, nêm ít muối, cho lần lượt bông cải xanh, măng tây và đậu nành Nhật vào luộc vừa chín, vớt ra ngâm nước lạnh rồi để ráo. Xay xốt xanh: sữa tươi, bơ lạt, hành tây cắt nhỏ, rau húng lủi, bacon rang vàng, Xốt Mayonnaise, đường, muối, tiêu, nước cốt chanh, cho vào máy xay nhuyễn..",8,0
8,300,"Món: Hàu chén nướng sốt tiêu xanh.
Dinh dưỡng: 188 kcal, 13.0g đạm, 11.6g bột đường, 10.5g béo.
Đặc điểm: Giàu Kẽm, Giàu Vitamin B12, Hải sản, Món chính, Nhiều Cholesterol, Nhạt muối, Ít calo, Ít chất béo bão hòa, Ít chất xơ, Ít tinh bột, Ít đường, Ít đạm.
Nguyên liệu: Bột Ngọt, Dầu Điều, Dầu Hào, Đường, Gừng, Hành Lá, Hành Tím, Hàu Sữa, Nước, Tiêu, Tiêu Xanh, Tỏi, Trứng Cút.
Cách làm: Hàu sữa rửa sạch dăm vỏ hàu. Làm sốt nướng: cho dầu màu điều vào nồi nhỏ sau đó cho hết lượng hành tím và tỏi xay phi thơm tiếp theo cho gừng băm vào cùng với tiêu xanh vào xào thơm cùng với gia vị dầu hào, tiêu xay cùng Bột ngọt sau đó đun sôi với nước. Nướng hào: chia đều hào vào đựng sốt sau đó cho sốt tiêu xanh vào và trên cùng là trứng cút và rắc thêm hành lá lên trên. Nướng hào bằng lò chiên không dầu ở nhiệt độ độ khi lò nóng cho hào chén vào nướng với thời gian phút..",9,1
8,1515,"Món: Bánh xèo xốt trứng gà tươi.
Dinh dưỡng: 354 kcal, 8.0g đạm, 42.4g bột đường, 17.4g béo.
Đặc điểm: Giàu Vitamin A, Giàu Vitamin C, Giàu Vitamin K, Hải sản, Món chính, Nhiều Cholesterol, Nhiều tinh bột, Rau xanh, Trứng, Ít đường.
Nguyên liệu: Bắp Cải, Bột Bánh Bao, Bột Gạo, Cà Rốt, Dầu Ăn, Hạt Nêm Ajingon Heo, Muối, Mực, Sốt Mayonnaise, Tỏi Tây.
Cách làm: Bắp cải, cà rốt, tỏi tây rửa sạch, để ráo, cắt sợi nhuyễn dài Mực tẩm xé sợi, chiên giòn. Pha bột: cho bột gạo, bột bánh xèo vào tô với nước, nêm muối và hạt nêm, dùng cây đánh trứng đánh đều cho hỗn hợp sệt lại, thêm bắp cải, cà rốt và tỏi tây vào trộn đều. Đun nóng ít dầu trong chảo, dùng vá múc hỗn hợp rau đổ vào chảo thành những bánh tròn có đường kính khoảng chiên vàng mặt..",10,0
9,1968,"Món: Hoành thánh cá hồi.
Dinh dưỡng: 460 kcal, 25.1g đạm, 18.8g bột đường, 31.2g béo.
Đặc điểm: Giàu Vitamin B12, Giàu Vitamin B6, Giàu Vitamin D, Giàu đạm, Hải sản, Món chính, Nhiều Cholesterol, Ít chất xơ, Ít tinh bột, Ít đường.
Nguyên liệu: Cá Hồi, Dầu Ăn, Hành Lá, Hạt Nêm Ajingon Heo, Lá Hoành Thánh, Nấm Đông Cô, Sốt Mayonnaise, Tiêu, Tương Mè.
Cách làm: Nấm đông cô cắt lát mỏng. Hành lá cắt nhuyễn. Cá hồi cắt hạt lựu, trộn chung với nấm đông cô, nêm hạt nêm, hành lá cắt nhuyễn, tiêu, xốt Mayonnaise. Pha xốt: trộn xốt Mayonnaise và tương chua ngọt. Đun nóng dầu ăn, lần lượt dùng lá hoành thánh bọc phần cá lại, sau đó đem chiên chín vàng, vớt ra để ráo dầu..",1,1
9,1892,"Món: Hoành thánh.
Dinh dưỡng: 544 kcal, 44.5g đạm, 31.3g bột đường, 26.7g béo.
Đặc điểm: Giàu Vitamin A, Giàu Vitamin B12, Giàu đạm, Món chính, Nhiều Cholesterol, Thịt, Thịt đỏ, Ít chất xơ, Ít tinh bột, Ít đường.
Nguyên liệu: Bột Năng, Củ Cải Trắng, Dầu Ăn, Dầu Mè, Dầu Tỏi, Đường, Hành Lá, Hạt Nêm Ajingon Heo, Hoành Thánh, Lá Hẹ, Mè Trắng, Muối, Nước Tương Phú Sĩ, Ngò Rí, Ớt, Rau Xà Lách, Tiêu, Tôm Khô, Thịt Heo, Thịt Xá Xíu, Xương Heo.
Cách làm: Củ cải trắng gọt vỏ, cắt khúc. Thịt xá xíu cắt lát. Mè trắng rang thơm, giã nát. Xà lách rửa sạch, để ráo. Ngò rí, hành lá cắt nhỏ. Ớt cắt lát. Hẹ lá cắt khúc Nấu nước dùng: trụng xương heo qua nước sôi, rửa sạch. Nấu xương heo với nước dùng, cho tôm khô, củ cải trắng vào nấu cùng khoảng đến khi ra nước ngọt. Lọc lấy nước trong, nêm hạt nêm, dầu mè. Làm nhân hoành thánh: cho thịt băm vào tô, thêm mè trắng, hành lá, tỏi phi, hạt nêm, đường, muối, tiêu, nước bột năng. Dùng đũa đánh cho thịt tơi và dẻo. Gói hoành thánh: để miếng vỏ hoành thánh trên lòng bàn tay, múc nhân cho vào chính giữa vỏ hoành thánh, túm lại thành túi. Luộc hoành thánh: đun sôi nước, thêm một ít dầu ăn, cho hoành thánh vào luộc đến khi hoành thánh nổi lên trên mặt nước là đã chín, vớt ra cho vào tô..",2,2
9,520,"Món: Hoành thánh bắp chiên.
Dinh dưỡng: 464 kcal, 18.8g đạm, 40.2g bột đường, 25.2g béo.
Đặc điểm: Giàu Vitamin A, Giàu Vitamin D, Giàu đạm, Món chính, Nhiều Cholesterol, Nhiều tinh bột, Thịt, Trứng, Ít chất xơ, Ít đường, Đồ ăn nhanh, Đồ ăn sẵn.
Nguyên liệu: Bắp Mỹ, Bột Năng, Bột Ngọt, Củ Sắn, Dầu Ăn, Dầu Mè, Đậu Hà Lan, Đầu Hành Lá, Giò Sống Gà, Hạt Nêm Ajingon Heo, Lá Hoành Thánh, Sốt Mayonnaise, Tiêu, Thịt Heo, Trứng Gà.
Cách làm: Trộn thịt heo xay, giò sống cùng với đầu hành lá, bắp Mỹ, đậu Hà Lan, củ sắn, lòng trắng trứng gà, bột năng, nêm Hạt nêm Heo, Bột ngọt, tiêu, dầu mè, để thấm. Bắp Mỹ tách lấy hạt, luộc chín. Củ sắn băm nhỏ. Tách riêng lòng đỏ và long trắng trứng gà. Dùng muỗng cà phê múc nhân vào chính giữa da hoành thánh, sau đó phết lòng đỏ trứng gà xung quanh, và gói lại lần lượt cho hết nhân. Đun nóng dầu ăn, chiên hoành thánh ngập dầu với lửa vừa, sau đó vớt ra để ráo dầu..",3,1
9,655,"Món: Cháo đậu chà bông cá hồi.
Dinh dưỡng: 603 kcal, 47.3g đạm, 25.2g bột đường, 35.2g béo.
Đặc điểm: Giàu Vitamin A, Giàu Vitamin B12, Giàu Vitamin B6, Giàu Vitamin K, Giàu đạm, Hải sản, Món chính, Nhiều Cholesterol, Ít chất xơ, Ít tinh bột, Ít đường.
Nguyên liệu: Bột Ngọt, Cá Hồi, Cà Rốt, Dầu Mè, Đậu Phộng, Đường, Gạo, Gạo Nếp, Gừng, Hành, Hạt Nêm, Mè Trắng, Muối, Rau Ngót, Rượu Trắng, Tiêu, Xương Ống Bò.
Cách làm: Cá hồi rửa nhanh qua nước muối pha loãng, để ráo. Xương gà chặt làm ngâm phai tiết, rửa sạch, để ráo. Đậu phộng ngâm phút. Vo sạch gạo. Rau ngót lặt sạch, vò kĩ. Cà rốt cắt hạt lựu. Gừng đập dập. Hành ngò cắt nhỏ. Nấu cháo: Nấu chung xương gà, đậu phộng, loại gạo với nước đến khi gạo đậu nở mềm. Gắp bỏ xương gà thêm cà rốt, rau ngót nêm muối, Bột ngọt và Hạt nêm Gà. Chà bông: Luộc cá hồi với gừng, rượu trắng đề nguội, xé tơi. Rang nhỏ lửa cá hồi, nêm Bột ngọt, đường, tiêu, muối nước mắm, đến khi cá khô tơi..",4,3
9,2325,"Món: Cá hồi nướng xốt Mayo.
Dinh dưỡng: 1112 kcal, 85.2g đạm, 9.2g bột đường, 77.8g béo.
Đặc điểm: Giàu Vitamin A, Giàu Vitamin B12, Giàu Vitamin B6, Giàu Vitamin D, Giàu đạm, Hải sản, Món chính, Nhiều Cholesterol, Ít chất xơ, Ít tinh bột, Ít đường.
Nguyên liệu: Bột Canh, Cá Hồi, Cà Tím, Dầu Ăn, Đầu Hành Lá, Đường, Gừng, Hạt Nêm, Muối, Nước Chanh, Ngò Rí, Ớt Chuông, Ớt Sừng, Rượu Trắng, Sốt Mayonnaise, Tiêu, Thì Là, Trứng Gà.
Cách làm: Cá rửa sạch, thấm ráo nước, ướp cá với rượu trắng, đường, nước gừng và Nước tương “Phú Sĩ”, để thấm phút. Cà tím cắt miếng ngâm nước pha chút muối. Ớt sừng cắt miếng cạnh Ớt chuông vàng cắt sợi tròn bản Thì là cắt nhuyễn. Pha xốt: Trộn đều lòng đỏ trứng, thì là, nuớc cốt chanh và Xốt Mayonnaise. Phết hỗn hợp xốt lên cá, cho vào lò nướng đến khi cá chín. Xào rau: Chiên cà tím trong dầu ngập đến khi chín vàng, vớt ra riêng để ráo dầu. Chừa lại một ít dầu trong chảo, phi thơm đầu hành, ớt sừng, ớt vàng, cho cà tím vào xào, thêm nước tương “Phú Sĩ”, Hạt nêm, đường, rượu trắng, xào đến khi xốt cạn thấm vào cà..",5,1
9,2370,"Món: Cá hồi ngâm tương.
Dinh dưỡng: 240 kcal, 17.4g đạm, 14.7g bột đường, 10.2g béo.
Đặc điểm: Giàu Vitamin A, Giàu Vitamin B12, Giàu Vitamin B6, Giàu Vitamin C, Giàu Vitamin D, Giàu đạm, Hải sản, Món chính, Nhiều Cholesterol, Nhiều muối, Ít chất xơ, Ít tinh bột.
Nguyên liệu: Cá Hồi, Đường, Gừng, Hành Tây, Nước Tương Phú Sĩ, Ớt Chuông Đỏ, Ớt Xanh, Rượu Trắng, Tiêu Xanh.
Cách làm: Cá hồi bỏ da, rửa với rượu sau đó cắt thành miếng vừa ăn có độ dày bằng khoảng lóng tay rồi cho vào ngăn mát tủ lạnh. Hành tây cắt lát mỏng vừa ăn. Gừng bạn cạo bỏ vỏ rồi đập dập. tiêu xanh đập dập. Ớt vàng, ớt đỏ cắt bỏ cuống, rồi cắt lát mỏng. Nấu tan hỗn hợp gồm: nước tương, đường, rượu, nước, gừng đâp dập, hành tây, ớt chuông vàng, ớt chuông đỏ, nhánh tiêu xanh đập dập, nấu sôi sau đó hạ nhỏ lửa nấu thêm phút, tắt bếp để nguội sau đó lược qua rây lấy nước. Dùng hộp thủy tinh, xếp cá, hành tây, phần ớt vàng và ớt đỏ còn lại, sau đó cho nước tương vào ngâm sắp mặt cá hồi, đậy nắp lại và để trong ngăn mát tủ lạnh – tiếng là thưởng thức..",6,2
9,2364,"Món: Bắp bò ngâm nước mắm.
Dinh dưỡng: 238 kcal, 32.3g đạm, 8.4g bột đường, 8.3g béo.
Đặc điểm: Giàu Kẽm, Giàu Vitamin B12, Giàu đạm, Món chính, Nhiều Cholesterol, Nhiều muối, Thịt, Thịt đỏ, Ít chất xơ, Ít tinh bột, Ít đường.
Nguyên liệu: Bắp Bò, Đường, Gừng, Hạt Nêm Ajingon Heo, Hoa Hồi, Nước Mắm, Quế, Sả.
Cách làm: Thịt bò lọc gân thừa, quấn chỉ cho tròn, luộc từ nước lạnh với hạt nêm, hoa hồi, nhánh nhỏ quế, nhánh gừng đập dập, cây sả đến khi thịt chín, vớt ra ngâm ngay vào nước lạnh cho nguội rồi cắt dây, rửa sạch lại. Nấu nước mắm: cho vào nồi nước mắm, đường và nước, hoa hồi, nhánh quế nhỏ nấu trên lửa nhỏ, khuấy tan đường, để nguội. Cho thịt vào lọ, lấy thanh tre gài chặt, đổ nước mắm vào ngập mặt thịt, để tuần là dùng được..",7,3
9,748,"Món: Lẩu riêu bắp bò.
Dinh dưỡng: 418 kcal, 50.3g đạm, 34.2g bột đường, 8.7g béo.
Đặc điểm: Giàu Vitamin B12, Giàu đạm, Lẩu, Món chính, Nhiều Cholesterol, Thịt, Thịt đỏ, Ít calo, Ít chất béo bão hòa, Ít chất xơ, Ít tinh bột, Ít đường.
Nguyên liệu: Bắp Bò, Bột Ngọt, Bún Tươi, Cua Đồng, Hành Lá, Hành Tím, Hạt Nêm Ajingon Heo, Nấm Linh Chi, Nấm Rơm, Nước Mắm, Tiêu Xanh, Trứng Vịt.
Cách làm: Cho nước lọc vào thịt cua xay, khuấy đều, gạn lấy phần thịt cua. Cho tiếp nước nữa vào phần xác cua, khuấy đều lần nữa, gạn lấy phần nước cua, lọc bỏ xác. Bắp bò cắt lát mỏng, xếp ra dĩa. Các loại rau ăn kèm lặt rửa sạch, xếp ra dĩa. Tiêu xanh đập dập. Nấm rơm cắt chữ thập ở phần đầu. Trứng vịt đánh tan. Nấu riêu: Cho trứng vịt, muối, Bột ngọt vào nồi nước cua khuấy đều. Đặt lên bếp nấu với lửa vừa đến khi nước cua sôi, dùng sạn gỗ khuấy nhẹ xung quanh nồi để không bị khét và phần váng cua nổi lên mặt. Dùng vợt vớt lấy phần váng cua để ráo nước, cho ra dĩa. Nấu nước riêu: Đun nóng dầu, cho hành tím, tiêu xanh, ớt hiểm vào xào thơm, cho gạch cua vào đảo đều, múc lượng hành, tiêu, ớt đã xào cho lên phần váng riêu, sau đó cho nấm rơm, nấm linh chi vào phần hành, tiêu, xào nhanh tay. Tắt lửa, trút hết vào nồi nước riêu, nêm muối, Bột ngọt, đường, Hạt nêm (Heo), nước mắm, khuấy đều, đợi sôi, tắt lửa..",8,3
9,1720,"Món: Phô mai que đậu phộng.
Dinh dưỡng: 1435 kcal, 38.1g đạm, 123.0g bột đường, 88.6g béo.
Đặc điểm: Các loại hạt, Giàu Vitamin A, Giàu Vitamin D, Giàu Vitamin E, Giàu chất béo không bão hòa đơn, Giàu đạm, Nhiều Cholesterol, Nhiều chất béo bão hòa, Nhiều tinh bột, Năng lượng cao, Ít đường, Đồ ăn nhanh.
Nguyên liệu: Bột Mì, Dầu Ăn, Dâu Tây, Đậu Phộng, Đường, Hạt Nêm Ajingon Heo, Phô Mai, Sốt Mayonnaise, Trứng Gà.
Cách làm: Phô mai cắt que dài Quậy đều trứng gà với bột mì, nêm hạt nêm, để phút cho bột nở. Đậu phộng giã nhỏ, trộn chung với bột xù. Làm xốt dâu: nhào dâu với đường và một ít nước cho dâu chín nhừ, để nguội. Pha xốt Mayonnaise và hỗn hợp dâu ngào đường. Tẩm bột phô mai: Lăn que phô mai lần lượt qua bột mì (phần còn lại), hỗn hợp bột trứng, hỗn hợp đậu phộng và bột xù, sau đó để lạnh. Đun nóng dầu ăn, chiên phô mai với lửa lớn cho tới khi phô mai vàng đều, vớt ra để ráo dầu..",9,0
9,1282,"Món: Udon thịt xíu.
Dinh dưỡng: 444 kcal, 37.7g đạm, 31.4g bột đường, 17.2g béo.
Đặc điểm: Giàu Vitamin A, Giàu Vitamin K, Giàu đạm, Món chính, Nhiều Cholesterol, Thịt, Thịt đỏ, Ít chất xơ, Ít tinh bột, Ít đường.
Nguyên liệu: Dầu Ăn, Đường, Giò Sống Gà, Hành, Hành Lá, Hành Tím, Hạt Nêm Ajingon Heo, Lá Hoành Thánh, Mì Udon, Muối, Nước Tương Phú Sĩ, Ớt, Rau Muống, Rượu Ngũ Vị Hương, Thịt Nạc Dăm.
Cách làm: Mì udon chần nhanh qua nước vừa sôi, để ráo. Lá hoành thánh cắt làm rồi chiên vàng. Thịt nạc dăm rửa sạch cùng với muối. Dùng tay bóp đều thịt với muối, đường, bột nêm, nước tương “Phú Sĩ”, ngũ vị hương, hành tím băm, trở đều miếng thịt cho thấm gia vị. Dùng màng thực phẩm bọc thịt lại, để trong tủ lạnh vài giờ hoặc qua đêm. Phi hành tím cho thơm, cho thịt vào xíu, trở đều hai mặt thịt, khi thịt săn lại, cho nước dùng vào để lửa liu riu cho thịt chín. Gạn nước xíu thịt ra tô để làm nước chan, tiếp tục xíu cho thịt cạn hết nước và chuyển màu cánh gián, lấy ra để nguội, cắt lát mỏng. Phần nước xíu thịt cho qua nồi khác thêm nước vào nấu sôi, nếm vị hơi đậm đà để chan lên mì..",10,2
